#,VARIABLE,ORDER,,,,,,,,,,,,,,,,
#,,,,,,,,,,,,,,,,,,
site_code,year,month,day,hour,minute,second,datetime,time_decimal,midpoint_time,value,value_std_dev,nvalue,latitude,longitude,altitude,elevation,intake_height,qcflag
SPO,1974,1,1,0,0,0,1974-01-01T00:00:00Z,1974,127544400,-999.99,-99.99,0,-89.98,-24.8,2800.1,2810,-9.9,*..
SPO,1974,2,1,0,0,0,1974-02-01T00:00:00Z,1974.084932,130222800,-999.99,-99.99,0,-89.98,-24.8,2800.1,2810,-9.9,*..
SPO,1974,3,1,0,0,0,1974-03-01T00:00:00Z,1974.161644,132642000,-999.99,-99.99,0,-89.98,-24.8,2800.1,2810,-9.9,*..
SPO,1974,4,1,0,0,0,1974-04-01T00:00:00Z,1974.246575,135320400,-999.99,-99.99,0,-89.98,-24.8,2800.1,2810,-9.9,*..
SPO,1974,5,1,0,0,0,1974-05-01T00:00:00Z,1974.328767,137912400,-999.99,-99.99,0,-89.98,-24.8,2800.1,2810,-9.9,*..
SPO,1974,6,1,0,0,0,1974-06-01T00:00:00Z,1974.413699,140590800,-999.99,-99.99,0,-89.98,-24.8,2800.1,2810,-9.9,*..
SPO,1974,7,1,0,0,0,1974-07-01T00:00:00Z,1974.49589,143182800,-999.99,-99.99,0,-89.98,-24.8,2800.1,2810,-9.9,*..
SPO,1974,8,1,0,0,0,1974-08-01T00:00:00Z,1974.580822,145861200,-999.99,-99.99,0,-89.98,-24.8,2800.1,2810,-9.9,*..
SPO,1974,9,1,0,0,0,1974-09-01T00:00:00Z,1974.665753,148539600,-999.99,-99.99,0,-89.98,-24.8,2800.1,2810,-9.9,*..
SPO,1974,10,1,0,0,0,1974-10-01T00:00:00Z,1974.747945,151131600,-999.99,-99.99,0,-89.98,-24.8,2800.1,2810,-9.9,*..
SPO,1974,11,1,0,0,0,1974-11-01T00:00:00Z,1974.832877,153810000,-999.99,-99.99,0,-89.98,-24.8,2800.1,2810,-9.9,*..
SPO,1974,12,1,0,0,0,1974-12-01T00:00:00Z,1974.915068,156402000,-999.99,-99.99,0,-89.98,-24.8,2800.1,2810,-9.9,*..
SPO,1975,1,1,0,0,0,1975-01-01T00:00:00Z,1975,159080400,328.19,0.13,13,-89.98,-24.8,2820,2810,10,...
SPO,1975,2,1,0,0,0,1975-02-01T00:00:00Z,1975.084932,161758800,328.22,0.07,28,-89.98,-24.8,2820,2810,10,...
SPO,1975,3,1,0,0,0,1975-03-01T00:00:00Z,1975.161644,164178000,328.88,0.14,8,-89.98,-24.8,2820,2810,10,...
SPO,1975,4,1,0,0,0,1975-04-01T00:00:00Z,1975.246575,166856400,-999.99,-99.99,0,-89.98,-24.8,2800.1,2810,-9.9,*..
SPO,1975,5,1,0,0,0,1975-05-01T00:00:00Z,1975.328767,169448400,-999.99,-99.99,0,-89.98,-24.8,2800.1,2810,-9.9,*..
SPO,1975,6,1,0,0,0,1975-06-01T00:00:00Z,1975.413699,172126800,-999.99,-99.99,0,-89.98,-24.8,2800.1,2810,-9.9,*..
SPO,1975,7,1,0,0,0,1975-07-01T00:00:00Z,1975.49589,174718800,-999.99,-99.99,0,-89.98,-24.8,2800.1,2810,-9.9,*..
SPO,1975,8,1,0,0,0,1975-08-01T00:00:00Z,1975.580822,177397200,-999.99,-99.99,0,-89.98,-24.8,2800.1,2810,-9.9,*..
SPO,1975,9,1,0,0,0,1975-09-01T00:00:00Z,1975.665753,180075600,-999.99,-99.99,0,-89.98,-24.8,2800.1,2810,-9.9,*..
SPO,1975,10,1,0,0,0,1975-10-01T00:00:00Z,1975.747945,182667600,-999.99,-99.99,0,-89.98,-24.8,2800.1,2810,-9.9,*..
SPO,1975,11,1,0,0,0,1975-11-01T00:00:00Z,1975.832877,185346000,330.6,0.72,12,-89.98,-24.8,2820,2810,10,...
SPO,1975,12,1,0,0,0,1975-12-01T00:00:00Z,1975.915068,187938000,329.72,0.09,30,-89.98,-24.8,2820,2810,10,...
SPO,1976,1,1,0,0,0,1976-01-01T00:00:00Z,1976,190616400,329.44,0.08,31,-89.98,-24.8,2820,2810,10,...
SPO,1976,2,1,0,0,0,1976-02-01T00:00:00Z,1976.084699,193294800,329.21,0.13,29,-89.98,-24.8,2820,2810,10,...
SPO,1976,3,1,0,0,0,1976-03-01T00:00:00Z,1976.163934,195800400,329.06,0.13,31,-89.98,-24.8,2820,2810,10,...
SPO,1976,4,1,0,0,0,1976-04-01T00:00:00Z,1976.248634,198478800,329.04,0.04,30,-89.98,-24.8,2820,2810,10,...
SPO,1976,5,1,0,0,0,1976-05-01T00:00:00Z,1976.330601,201070800,329.1,0.05,31,-89.98,-24.8,2820,2810,10,...
SPO,1976,6,1,0,0,0,1976-06-01T00:00:00Z,1976.415301,203749200,329.33,0.12,30,-89.98,-24.8,2820,2810,10,...
SPO,1976,7,1,0,0,0,1976-07-01T00:00:00Z,1976.497268,206341200,329.69,0.11,31,-89.98,-24.8,2820,2810,10,...
SPO,1976,8,1,0,0,0,1976-08-01T00:00:00Z,1976.581967,209019600,330.13,0.13,31,-89.98,-24.8,2820,2810,10,...
SPO,1976,9,1,0,0,0,1976-09-01T00:00:00Z,1976.666667,211698000,330.48,0.1,30,-89.98,-24.8,2820,2810,10,...
SPO,1976,10,1,0,0,0,1976-10-01T00:00:00Z,1976.748634,214290000,330.52,0.07,31,-89.98,-24.8,2820,2810,10,...
SPO,1976,11,1,0,0,0,1976-11-01T00:00:00Z,1976.833333,216968400,330.6,0.23,29,-89.98,-24.8,2820,2810,10,...
SPO,1976,12,1,0,0,0,1976-12-01T00:00:00Z,1976.915301,219560400,330.63,0.12,20,-89.98,-24.8,2820,2810,10,...
SPO,1977,1,1,0,0,0,1977-01-01T00:00:00Z,1977,222238800,330.29,0.12,28,-89.98,-24.8,2823.5,2810,13.5,...
SPO,1977,2,1,0,0,0,1977-02-01T00:00:00Z,1977.084932,224917200,331.11,0.45,26,-89.98,-24.8,2823.5,2810,13.5,...
SPO,1977,3,1,0,0,0,1977-03-01T00:00:00Z,1977.161644,227336400,330.95,0.07,31,-89.98,-24.8,2823.5,2810,13.5,...
SPO,1977,4,1,0,0,0,1977-04-01T00:00:00Z,1977.246575,230014800,331.01,0.05,30,-89.98,-24.8,2823.5,2810,13.5,...
SPO,1977,5,1,0,0,0,1977-05-01T00:00:00Z,1977.328767,232606800,331.13,0.09,28,-89.98,-24.8,2823.5,2810,13.5,...
SPO,1977,6,1,0,0,0,1977-06-01T00:00:00Z,1977.413699,235285200,331.35,0.08,24,-89.98,-24.8,2823.5,2810,13.5,...
SPO,1977,7,1,0,0,0,1977-07-01T00:00:00Z,1977.49589,237877200,331.63,0.09,31,-89.98,-24.8,2823.5,2810,13.5,...
SPO,1977,8,1,0,0,0,1977-08-01T00:00:00Z,1977.580822,240555600,331.98,0.08,31,-89.98,-24.8,2823.5,2810,13.5,...
SPO,1977,9,1,0,0,0,1977-09-01T00:00:00Z,1977.665753,243234000,332.33,0.1,30,-89.98,-24.8,2823.5,2810,13.5,...
SPO,1977,10,1,0,0,0,1977-10-01T00:00:00Z,1977.747945,245826000,332.62,0.12,30,-89.98,-24.8,2823.5,2810,13.5,...
SPO,1977,11,1,0,0,0,1977-11-01T00:00:00Z,1977.832877,248504400,332.59,0.11,30,-89.98,-24.8,2823.5,2810,13.5,...
SPO,1977,12,1,0,0,0,1977-12-01T00:00:00Z,1977.915068,251096400,332.31,0.1,31,-89.98,-24.8,2823.5,2810,13.5,...
SPO,1978,1,1,0,0,0,1978-01-01T00:00:00Z,1978,253774800,332.06,0.07,30,-89.98,-24.8,2823.5,2810,13.5,...
SPO,1978,2,1,0,0,0,1978-02-01T00:00:00Z,1978.084932,256453200,331.92,0.1,28,-89.98,-24.8,2823.5,2810,13.5,...
SPO,1978,3,1,0,0,0,1978-03-01T00:00:00Z,1978.161644,258872400,331.94,0.12,31,-89.98,-24.8,2823.5,2810,13.5,...
SPO,1978,4,1,0,0,0,1978-04-01T00:00:00Z,1978.246575,261550800,332.3,0.16,30,-89.98,-24.8,2823.5,2810,13.5,...
SPO,1978,5,1,0,0,0,1978-05-01T00:00:00Z,1978.328767,264142800,332.85,0.16,31,-89.98,-24.8,2823.5,2810,13.5,...
SPO,1978,6,1,0,0,0,1978-06-01T00:00:00Z,1978.413699,266821200,333.41,0.14,30,-89.98,-24.8,2823.5,2810,13.5,...
SPO,1978,7,1,0,0,0,1978-07-01T00:00:00Z,1978.49589,269413200,333.82,0.12,31,-89.98,-24.8,2823.5,2810,13.5,...
SPO,1978,8,1,0,0,0,1978-08-01T00:00:00Z,1978.580822,272091600,334.45,0.29,31,-89.98,-24.8,2823.5,2810,13.5,...
SPO,1978,9,1,0,0,0,1978-09-01T00:00:00Z,1978.665753,274770000,334.69,0.08,30,-89.98,-24.8,2823.5,2810,13.5,...
SPO,1978,10,1,0,0,0,1978-10-01T00:00:00Z,1978.747945,277362000,334.7,0.08,31,-89.98,-24.8,2823.5,2810,13.5,...
SPO,1978,11,1,0,0,0,1978-11-01T00:00:00Z,1978.832877,280040400,334.53,0.08,19,-89.98,-24.8,2823.5,2810,13.5,...
SPO,1978,12,1,0,0,0,1978-12-01T00:00:00Z,1978.915068,282632400,-999.99,-99.99,0,-89.98,-24.8,2800.1,2810,-9.9,*..
SPO,1979,1,1,0,0,0,1979-01-01T00:00:00Z,1979,285310800,-999.99,-99.99,0,-89.98,-24.8,2800.1,2810,-9.9,*..
SPO,1979,2,1,0,0,0,1979-02-01T00:00:00Z,1979.084932,287989200,-999.99,-99.99,0,-89.98,-24.8,2800.1,2810,-9.9,*..
SPO,1979,3,1,0,0,0,1979-03-01T00:00:00Z,1979.161644,290408400,-999.99,-99.99,0,-89.98,-24.8,2800.1,2810,-9.9,*..
SPO,1979,4,1,0,0,0,1979-04-01T00:00:00Z,1979.246575,293086800,-999.99,-99.99,0,-89.98,-24.8,2800.1,2810,-9.9,*..
SPO,1979,5,1,0,0,0,1979-05-01T00:00:00Z,1979.328767,295678800,-999.99,-99.99,0,-89.98,-24.8,2800.1,2810,-9.9,*..
SPO,1979,6,1,0,0,0,1979-06-01T00:00:00Z,1979.413699,298357200,-999.99,-99.99,0,-89.98,-24.8,2800.1,2810,-9.9,*..
SPO,1979,7,1,0,0,0,1979-07-01T00:00:00Z,1979.49589,300949200,-999.99,-99.99,0,-89.98,-24.8,2800.1,2810,-9.9,*..
SPO,1979,8,1,0,0,0,1979-08-01T00:00:00Z,1979.580822,303627600,-999.99,-99.99,0,-89.98,-24.8,2800.1,2810,-9.9,*..
SPO,1979,9,1,0,0,0,1979-09-01T00:00:00Z,1979.665753,306306000,-999.99,-99.99,0,-89.98,-24.8,2800.1,2810,-9.9,*..
SPO,1979,10,1,0,0,0,1979-10-01T00:00:00Z,1979.747945,308898000,-999.99,-99.99,0,-89.98,-24.8,2800.1,2810,-9.9,*..
SPO,1979,11,1,0,0,0,1979-11-01T00:00:00Z,1979.832877,311576400,-999.99,-99.99,0,-89.98,-24.8,2800.1,2810,-9.9,*..
SPO,1979,12,1,0,0,0,1979-12-01T00:00:00Z,1979.915068,314168400,-999.99,-99.99,0,-89.98,-24.8,2800.1,2810,-9.9,*..
SPO,1980,1,1,0,0,0,1980-01-01T00:00:00Z,1980,316846800,336.14,0.1,31,-89.98,-24.8,2823.5,2810,13.5,...
SPO,1980,2,1,0,0,0,1980-02-01T00:00:00Z,1980.084699,319525200,335.95,0.1,29,-89.98,-24.8,2823.5,2810,13.5,...
SPO,1980,3,1,0,0,0,1980-03-01T00:00:00Z,1980.163934,322030800,336.01,0.08,31,-89.98,-24.8,2823.5,2810,13.5,...
SPO,1980,4,1,0,0,0,1980-04-01T00:00:00Z,1980.248634,324709200,336.22,0.09,30,-89.98,-24.8,2823.5,2810,13.5,...
SPO,1980,5,1,0,0,0,1980-05-01T00:00:00Z,1980.330601,327301200,336.58,0.08,31,-89.98,-24.8,2823.5,2810,13.5,...
SPO,1980,6,1,0,0,0,1980-06-01T00:00:00Z,1980.415301,329979600,336.92,0.23,30,-89.98,-24.8,2823.5,2810,13.5,...
SPO,1980,7,1,0,0,0,1980-07-01T00:00:00Z,1980.497268,332571600,337.36,0.07,31,-89.98,-24.8,2823.5,2810,13.5,...
SPO,1980,8,1,0,0,0,1980-08-01T00:00:00Z,1980.581967,335250000,337.65,0.09,31,-89.98,-24.8,2823.5,2810,13.5,...
SPO,1980,9,1,0,0,0,1980-09-01T00:00:00Z,1980.666667,337928400,337.89,0.08,30,-89.98,-24.8,2823.5,2810,13.5,...
SPO,1980,10,1,0,0,0,1980-10-01T00:00:00Z,1980.748634,340520400,338.08,0.06,31,-89.98,-24.8,2823.5,2810,13.5,...
SPO,1980,11,1,0,0,0,1980-11-01T00:00:00Z,1980.833333,343198800,338.03,0.06,30,-89.98,-24.8,2823.5,2810,13.5,...
SPO,1980,12,1,0,0,0,1980-12-01T00:00:00Z,1980.915301,345790800,338.09,0.09,26,-89.98,-24.8,2823.5,2810,13.5,...
SPO,1981,1,1,0,0,0,1981-01-01T00:00:00Z,1981,348469200,337.85,0.2,31,-89.98,-24.8,2823.5,2810,13.5,...
SPO,1981,2,1,0,0,0,1981-02-01T00:00:00Z,1981.084932,351147600,337.92,0.16,27,-89.98,-24.8,2823.5,2810,13.5,...
SPO,1981,3,1,0,0,0,1981-03-01T00:00:00Z,1981.161644,353566800,338.08,0.06,31,-89.98,-24.8,2823.5,2810,13.5,...
SPO,1981,4,1,0,0,0,1981-04-01T00:00:00Z,1981.246575,356245200,338.1,0.04,29,-89.98,-24.8,2823.5,2810,13.5,...
SPO,1981,5,1,0,0,0,1981-05-01T00:00:00Z,1981.328767,358837200,338.24,0.08,30,-89.98,-24.8,2823.5,2810,13.5,...
SPO,1981,6,1,0,0,0,1981-06-01T00:00:00Z,1981.413699,361515600,338.52,0.11,30,-89.98,-24.8,2823.5,2810,13.5,...
SPO,1981,7,1,0,0,0,1981-07-01T00:00:00Z,1981.49589,364107600,338.95,0.15,31,-89.98,-24.8,2823.5,2810,13.5,...
SPO,1981,8,1,0,0,0,1981-08-01T00:00:00Z,1981.580822,366786000,339.13,0.1,31,-89.98,-24.8,2823.5,2810,13.5,...
SPO,1981,9,1,0,0,0,1981-09-01T00:00:00Z,1981.665753,369464400,339.38,0.15,30,-89.98,-24.8,2823.5,2810,13.5,...
SPO,1981,10,1,0,0,0,1981-10-01T00:00:00Z,1981.747945,372056400,339.25,0.11,28,-89.98,-24.8,2823.5,2810,13.5,...
SPO,1981,11,1,0,0,0,1981-11-01T00:00:00Z,1981.832877,374734800,339.05,0.07,28,-89.98,-24.8,2823.5,2810,13.5,...
SPO,1981,12,1,0,0,0,1981-12-01T00:00:00Z,1981.915068,377326800,338.87,0.39,22,-89.98,-24.8,2823.5,2810,13.5,...
SPO,1982,1,1,0,0,0,1982-01-01T00:00:00Z,1982,380005200,339.69,0.05,13,-89.98,-24.8,2823.5,2810,13.5,...
SPO,1982,2,1,0,0,0,1982-02-01T00:00:00Z,1982.084932,382683600,339.62,0.05,28,-89.98,-24.8,2823.5,2810,13.5,...
SPO,1982,3,1,0,0,0,1982-03-01T00:00:00Z,1982.161644,385102800,339.53,0.05,31,-89.98,-24.8,2823.5,2810,13.5,...
SPO,1982,4,1,0,0,0,1982-04-01T00:00:00Z,1982.246575,387781200,339.1,0.21,30,-89.98,-24.8,2823.5,2810,13.5,...
SPO,1982,5,1,0,0,0,1982-05-01T00:00:00Z,1982.328767,390373200,339.32,0.07,31,-89.98,-24.8,2823.5,2810,13.5,...
SPO,1982,6,1,0,0,0,1982-06-01T00:00:00Z,1982.413699,393051600,339.35,0.05,22,-89.98,-24.8,2823.5,2810,13.5,...
SPO,1982,7,1,0,0,0,1982-07-01T00:00:00Z,1982.49589,395643600,339.74,0.08,11,-89.98,-24.8,2823.5,2810,13.5,...
SPO,1982,8,1,0,0,0,1982-08-01T00:00:00Z,1982.580822,398322000,340.05,0.13,31,-89.98,-24.8,2823.5,2810,13.5,...
SPO,1982,9,1,0,0,0,1982-09-01T00:00:00Z,1982.665753,401000400,340.31,0.05,29,-89.98,-24.8,2823.5,2810,13.5,...
SPO,1982,10,1,0,0,0,1982-10-01T00:00:00Z,1982.747945,403592400,340.25,0.09,30,-89.98,-24.8,2823.5,2810,13.5,...
SPO,1982,11,1,0,0,0,1982-11-01T00:00:00Z,1982.832877,406270800,340.01,0.13,30,-89.98,-24.8,2823.5,2810,13.5,...
SPO,1982,12,1,0,0,0,1982-12-01T00:00:00Z,1982.915068,408862800,339.76,0.11,30,-89.98,-24.8,2823.5,2810,13.5,...
SPO,1983,1,1,0,0,0,1983-01-01T00:00:00Z,1983,411541200,339.56,0.06,31,-89.98,-24.8,2823.5,2810,13.5,...
SPO,1983,2,1,0,0,0,1983-02-01T00:00:00Z,1983.084932,414219600,339.48,0.06,28,-89.98,-24.8,2823.5,2810,13.5,...
SPO,1983,3,1,0,0,0,1983-03-01T00:00:00Z,1983.161644,416638800,339.55,0.06,31,-89.98,-24.8,2823.5,2810,13.5,...
SPO,1983,4,1,0,0,0,1983-04-01T00:00:00Z,1983.246575,419317200,339.91,0.12,28,-89.98,-24.8,2823.5,2810,13.5,...
SPO,1983,5,1,0,0,0,1983-05-01T00:00:00Z,1983.328767,421909200,-999.99,-99.99,0,-89.98,-24.8,2800.1,2810,-9.9,*..
SPO,1983,6,1,0,0,0,1983-06-01T00:00:00Z,1983.413699,424587600,341.07,0.05,13,-89.98,-24.8,2823.5,2810,13.5,...
SPO,1983,7,1,0,0,0,1983-07-01T00:00:00Z,1983.49589,427179600,341.3,0.16,30,-89.98,-24.8,2823.5,2810,13.5,...
SPO,1983,8,1,0,0,0,1983-08-01T00:00:00Z,1983.580822,429858000,342.01,0.17,31,-89.98,-24.8,2823.5,2810,13.5,...
SPO,1983,9,1,0,0,0,1983-09-01T00:00:00Z,1983.665753,432536400,342.17,0.06,30,-89.98,-24.8,2823.5,2810,13.5,...
SPO,1983,10,1,0,0,0,1983-10-01T00:00:00Z,1983.747945,435128400,342.38,0.13,31,-89.98,-24.8,2823.5,2810,13.5,...
SPO,1983,11,1,0,0,0,1983-11-01T00:00:00Z,1983.832877,437806800,342.45,0.07,30,-89.98,-24.8,2823.5,2810,13.5,...
SPO,1983,12,1,0,0,0,1983-12-01T00:00:00Z,1983.915068,440398800,342.26,0.09,26,-89.98,-24.8,2823.5,2810,13.5,...
SPO,1984,1,1,0,0,0,1984-01-01T00:00:00Z,1984,443077200,342.39,0.14,29,-89.98,-24.8,2823.5,2810,13.5,...
SPO,1984,2,1,0,0,0,1984-02-01T00:00:00Z,1984.084699,445755600,342.44,0.14,29,-89.98,-24.8,2823.5,2810,13.5,...
SPO,1984,3,1,0,0,0,1984-03-01T00:00:00Z,1984.163934,448261200,342.45,0.11,31,-89.98,-24.8,2823.5,2810,13.5,...
SPO,1984,4,1,0,0,0,1984-04-01T00:00:00Z,1984.248634,450939600,342.46,0.06,30,-89.98,-24.8,2823.5,2810,13.5,...
SPO,1984,5,1,0,0,0,1984-05-01T00:00:00Z,1984.330601,453531600,342.57,0.05,31,-89.98,-24.8,2823.5,2810,13.5,...
SPO,1984,6,1,0,0,0,1984-06-01T00:00:00Z,1984.415301,456210000,342.74,0.07,28,-89.98,-24.8,2823.5,2810,13.5,...
SPO,1984,7,1,0,0,0,1984-07-01T00:00:00Z,1984.497268,458802000,343.11,0.16,31,-89.98,-24.8,2823.5,2810,13.5,...
SPO,1984,8,1,0,0,0,1984-08-01T00:00:00Z,1984.581967,461480400,343.38,0.14,31,-89.98,-24.8,2823.5,2810,13.5,...
SPO,1984,9,1,0,0,0,1984-09-01T00:00:00Z,1984.666667,464158800,343.66,0.06,30,-89.98,-24.8,2823.5,2810,13.5,...
SPO,1984,10,1,0,0,0,1984-10-01T00:00:00Z,1984.748634,466750800,343.81,0.05,31,-89.98,-24.8,2823.5,2810,13.5,...
SPO,1984,11,1,0,0,0,1984-11-01T00:00:00Z,1984.833333,469429200,343.64,0.13,25,-89.98,-24.8,2823.5,2810,13.5,...
SPO,1984,12,1,0,0,0,1984-12-01T00:00:00Z,1984.915301,472021200,343.42,0.1,14,-89.98,-24.8,2823.5,2810,13.5,...
SPO,1985,1,1,0,0,0,1985-01-01T00:00:00Z,1985,474699600,343.31,0.1,19,-89.98,-24.8,2823.5,2810,13.5,...
SPO,1985,2,1,0,0,0,1985-02-01T00:00:00Z,1985.084932,477378000,343.13,0.12,28,-89.98,-24.8,2823.5,2810,13.5,...
SPO,1985,3,1,0,0,0,1985-03-01T00:00:00Z,1985.161644,479797200,343.02,0.09,31,-89.98,-24.8,2823.5,2810,13.5,...
SPO,1985,4,1,0,0,0,1985-04-01T00:00:00Z,1985.246575,482475600,343.17,0.13,27,-89.98,-24.8,2823.5,2810,13.5,...
SPO,1985,5,1,0,0,0,1985-05-01T00:00:00Z,1985.328767,485067600,343.52,0.11,31,-89.98,-24.8,2823.5,2810,13.5,...
SPO,1985,6,1,0,0,0,1985-06-01T00:00:00Z,1985.413699,487746000,343.86,0.12,29,-89.98,-24.8,2823.5,2810,13.5,...
SPO,1985,7,1,0,0,0,1985-07-01T00:00:00Z,1985.49589,490338000,344.35,0.21,31,-89.98,-24.8,2823.5,2810,13.5,...
SPO,1985,8,1,0,0,0,1985-08-01T00:00:00Z,1985.580822,493016400,344.84,0.1,31,-89.98,-24.8,2823.5,2810,13.5,...
SPO,1985,9,1,0,0,0,1985-09-01T00:00:00Z,1985.665753,495694800,345.16,0.2,30,-89.98,-24.8,2823.5,2810,13.5,...
SPO,1985,10,1,0,0,0,1985-10-01T00:00:00Z,1985.747945,498286800,345.28,0.13,31,-89.98,-24.8,2823.5,2810,13.5,...
SPO,1985,11,1,0,0,0,1985-11-01T00:00:00Z,1985.832877,500965200,345.34,0.12,29,-89.98,-24.8,2823.5,2810,13.5,...
SPO,1985,12,1,0,0,0,1985-12-01T00:00:00Z,1985.915068,503557200,345.04,0.06,31,-89.98,-24.8,2823.5,2810,13.5,...
SPO,1986,1,1,0,0,0,1986-01-01T00:00:00Z,1986,506235600,344.95,0.04,31,-89.98,-24.8,2823.5,2810,13.5,...
SPO,1986,2,1,0,0,0,1986-02-01T00:00:00Z,1986.084932,508914000,344.85,0.07,28,-89.98,-24.8,2823.5,2810,13.5,...
SPO,1986,3,1,0,0,0,1986-03-01T00:00:00Z,1986.161644,511333200,344.78,0.07,30,-89.98,-24.8,2823.5,2810,13.5,...
SPO,1986,4,1,0,0,0,1986-04-01T00:00:00Z,1986.246575,514011600,344.79,0.04,30,-89.98,-24.8,2823.5,2810,13.5,...
SPO,1986,5,1,0,0,0,1986-05-01T00:00:00Z,1986.328767,516603600,344.88,0.08,31,-89.98,-24.8,2823.5,2810,13.5,...
SPO,1986,6,1,0,0,0,1986-06-01T00:00:00Z,1986.413699,519282000,345.16,0.12,30,-89.98,-24.8,2823.5,2810,13.5,...
SPO,1986,7,1,0,0,0,1986-07-01T00:00:00Z,1986.49589,521874000,345.62,0.17,30,-89.98,-24.8,2823.5,2810,13.5,...
SPO,1986,8,1,0,0,0,1986-08-01T00:00:00Z,1986.580822,524552400,346,0.07,31,-89.98,-24.8,2823.5,2810,13.5,...
SPO,1986,9,1,0,0,0,1986-09-01T00:00:00Z,1986.665753,527230800,346.31,0.09,30,-89.98,-24.8,2823.5,2810,13.5,...
SPO,1986,10,1,0,0,0,1986-10-01T00:00:00Z,1986.747945,529822800,346.52,0.13,31,-89.98,-24.8,2823.5,2810,13.5,...
SPO,1986,11,1,0,0,0,1986-11-01T00:00:00Z,1986.832877,532501200,346.27,0.12,28,-89.98,-24.8,2823.5,2810,13.5,...
SPO,1986,12,1,0,0,0,1986-12-01T00:00:00Z,1986.915068,535093200,346.11,0.13,30,-89.98,-24.8,2823.5,2810,13.5,...
SPO,1987,1,1,0,0,0,1987-01-01T00:00:00Z,1987,537771600,346.34,0.07,31,-89.98,-24.8,2823.5,2810,13.5,...
SPO,1987,2,1,0,0,0,1987-02-01T00:00:00Z,1987.084932,540450000,346.19,0.08,28,-89.98,-24.8,2823.5,2810,13.5,...
SPO,1987,3,1,0,0,0,1987-03-01T00:00:00Z,1987.161644,542869200,346.15,0.07,31,-89.98,-24.8,2823.5,2810,13.5,...
SPO,1987,4,1,0,0,0,1987-04-01T00:00:00Z,1987.246575,545547600,346.31,0.07,30,-89.98,-24.8,2823.5,2810,13.5,...
SPO,1987,5,1,0,0,0,1987-05-01T00:00:00Z,1987.328767,548139600,346.43,0.1,31,-89.98,-24.8,2823.5,2810,13.5,...
SPO,1987,6,1,0,0,0,1987-06-01T00:00:00Z,1987.413699,550818000,346.87,0.17,30,-89.98,-24.8,2823.5,2810,13.5,...
SPO,1987,7,1,0,0,0,1987-07-01T00:00:00Z,1987.49589,553410000,347.35,0.08,31,-89.98,-24.8,2823.5,2810,13.5,...
SPO,1987,8,1,0,0,0,1987-08-01T00:00:00Z,1987.580822,556088400,347.86,0.19,31,-89.98,-24.8,2823.5,2810,13.5,...
SPO,1987,9,1,0,0,0,1987-09-01T00:00:00Z,1987.665753,558766800,348.31,0.11,29,-89.98,-24.8,2823.5,2810,13.5,...
SPO,1987,10,1,0,0,0,1987-10-01T00:00:00Z,1987.747945,561358800,348.52,0.07,31,-89.98,-24.8,2823.5,2810,13.5,...
SPO,1987,11,1,0,0,0,1987-11-01T00:00:00Z,1987.832877,564037200,348.55,0.05,27,-89.98,-24.8,2823.5,2810,13.5,...
SPO,1987,12,1,0,0,0,1987-12-01T00:00:00Z,1987.915068,566629200,348.5,0.06,16,-89.98,-24.8,2823.5,2810,13.5,...
SPO,1988,1,1,0,0,0,1988-01-01T00:00:00Z,1988,569307600,348.24,0.14,25,-89.98,-24.8,2823.5,2810,13.5,...
SPO,1988,2,1,0,0,0,1988-02-01T00:00:00Z,1988.084699,571986000,348.17,0.1,28,-89.98,-24.8,2823.5,2810,13.5,...
SPO,1988,3,1,0,0,0,1988-03-01T00:00:00Z,1988.163934,574491600,348.25,0.15,31,-89.98,-24.8,2823.5,2810,13.5,...
SPO,1988,4,1,0,0,0,1988-04-01T00:00:00Z,1988.248634,577170000,348.45,0.09,22,-89.98,-24.8,2823.5,2810,13.5,...
SPO,1988,5,1,0,0,0,1988-05-01T00:00:00Z,1988.330601,579762000,348.47,0.11,31,-89.98,-24.8,2823.5,2810,13.5,...
SPO,1988,6,1,0,0,0,1988-06-01T00:00:00Z,1988.415301,582440400,348.7,0.1,30,-89.98,-24.8,2823.5,2810,13.5,...
SPO,1988,7,1,0,0,0,1988-07-01T00:00:00Z,1988.497268,585032400,349.28,0.44,31,-89.98,-24.8,2823.5,2810,13.5,...
SPO,1988,8,1,0,0,0,1988-08-01T00:00:00Z,1988.581967,587710800,350.03,0.16,31,-89.98,-24.8,2823.5,2810,13.5,...
SPO,1988,9,1,0,0,0,1988-09-01T00:00:00Z,1988.666667,590389200,350.3,0.13,30,-89.98,-24.8,2823.5,2810,13.5,...
SPO,1988,10,1,0,0,0,1988-10-01T00:00:00Z,1988.748634,592981200,350.35,0.09,31,-89.98,-24.8,2823.5,2810,13.5,...
SPO,1988,11,1,0,0,0,1988-11-01T00:00:00Z,1988.833333,595659600,350.19,0.17,27,-89.98,-24.8,2823.5,2810,13.5,...
SPO,1988,12,1,0,0,0,1988-12-01T00:00:00Z,1988.915301,598251600,350,0.2,28,-89.98,-24.8,2823.5,2810,13.5,...
SPO,1989,1,1,0,0,0,1989-01-01T00:00:00Z,1989,600930000,350.34,0.05,22,-89.98,-24.8,2823.5,2810,13.5,...
SPO,1989,2,1,0,0,0,1989-02-01T00:00:00Z,1989.084932,603608400,350.32,0.07,28,-89.98,-24.8,2823.5,2810,13.5,...
SPO,1989,3,1,0,0,0,1989-03-01T00:00:00Z,1989.161644,606027600,350.26,0.06,31,-89.98,-24.8,2823.5,2810,13.5,...
SPO,1989,4,1,0,0,0,1989-04-01T00:00:00Z,1989.246575,608706000,350.36,0.04,30,-89.98,-24.8,2823.5,2810,13.5,...
SPO,1989,5,1,0,0,0,1989-05-01T00:00:00Z,1989.328767,611298000,350.5,0.09,31,-89.98,-24.8,2823.5,2810,13.5,...
SPO,1989,6,1,0,0,0,1989-06-01T00:00:00Z,1989.413699,613976400,350.78,0.08,30,-89.98,-24.8,2823.5,2810,13.5,...
SPO,1989,7,1,0,0,0,1989-07-01T00:00:00Z,1989.49589,616568400,351.15,0.16,31,-89.98,-24.8,2823.5,2810,13.5,...
SPO,1989,8,1,0,0,0,1989-08-01T00:00:00Z,1989.580822,619246800,351.57,0.14,31,-89.98,-24.8,2823.5,2810,13.5,...
SPO,1989,9,1,0,0,0,1989-09-01T00:00:00Z,1989.665753,621925200,351.66,0.08,30,-89.98,-24.8,2823.5,2810,13.5,...
SPO,1989,10,1,0,0,0,1989-10-01T00:00:00Z,1989.747945,624517200,351.72,0.08,31,-89.98,-24.8,2823.5,2810,13.5,...
SPO,1989,11,1,0,0,0,1989-11-01T00:00:00Z,1989.832877,627195600,352.37,0.34,30,-89.98,-24.8,2823.5,2810,13.5,...
SPO,1989,12,1,0,0,0,1989-12-01T00:00:00Z,1989.915068,629787600,352.01,0.17,31,-89.98,-24.8,2823.5,2810,13.5,...
SPO,1990,1,1,0,0,0,1990-01-01T00:00:00Z,1990,632466000,351.84,0.06,15,-89.98,-24.8,2823.5,2810,13.5,...
SPO,1990,2,1,0,0,0,1990-02-01T00:00:00Z,1990.084932,635144400,351.49,0.12,23,-89.98,-24.8,2823.5,2810,13.5,...
SPO,1990,3,1,0,0,0,1990-03-01T00:00:00Z,1990.161644,637563600,351.56,0.13,31,-89.98,-24.8,2823.5,2810,13.5,...
SPO,1990,4,1,0,0,0,1990-04-01T00:00:00Z,1990.246575,640242000,351.6,0.16,30,-89.98,-24.8,2823.5,2810,13.5,...
SPO,1990,5,1,0,0,0,1990-05-01T00:00:00Z,1990.328767,642834000,351.5,0.1,30,-89.98,-24.8,2823.5,2810,13.5,...
SPO,1990,6,1,0,0,0,1990-06-01T00:00:00Z,1990.413699,645512400,351.75,0.13,30,-89.98,-24.8,2823.5,2810,13.5,...
SPO,1990,7,1,0,0,0,1990-07-01T00:00:00Z,1990.49589,648104400,352.23,0.15,31,-89.98,-24.8,2823.5,2810,13.5,...
SPO,1990,8,1,0,0,0,1990-08-01T00:00:00Z,1990.580822,650782800,352.56,0.11,31,-89.98,-24.8,2823.5,2810,13.5,...
SPO,1990,9,1,0,0,0,1990-09-01T00:00:00Z,1990.665753,653461200,353.11,0.11,30,-89.98,-24.8,2823.5,2810,13.5,...
SPO,1990,10,1,0,0,0,1990-10-01T00:00:00Z,1990.747945,656053200,353.18,0.1,31,-89.98,-24.8,2823.5,2810,13.5,...
SPO,1990,11,1,0,0,0,1990-11-01T00:00:00Z,1990.832877,658731600,353.19,0.12,30,-89.98,-24.8,2823.5,2810,13.5,...
SPO,1990,12,1,0,0,0,1990-12-01T00:00:00Z,1990.915068,661323600,352.77,0.13,28,-89.98,-24.8,2823.5,2810,13.5,...
SPO,1991,1,1,0,0,0,1991-01-01T00:00:00Z,1991,664002000,352.69,0.15,29,-89.98,-24.8,2823.5,2810,13.5,...
SPO,1991,2,1,0,0,0,1991-02-01T00:00:00Z,1991.084932,666680400,352.42,0.24,26,-89.98,-24.8,2823.5,2810,13.5,...
SPO,1991,3,1,0,0,0,1991-03-01T00:00:00Z,1991.161644,669099600,352.11,0.22,28,-89.98,-24.8,2823.5,2810,13.5,...
SPO,1991,4,1,0,0,0,1991-04-01T00:00:00Z,1991.246575,671778000,352.32,0.11,29,-89.98,-24.8,2823.5,2810,13.5,...
SPO,1991,5,1,0,0,0,1991-05-01T00:00:00Z,1991.328767,674370000,352.58,0.17,31,-89.98,-24.8,2823.5,2810,13.5,...
SPO,1991,6,1,0,0,0,1991-06-01T00:00:00Z,1991.413699,677048400,352.93,0.09,30,-89.98,-24.8,2823.5,2810,13.5,...
SPO,1991,7,1,0,0,0,1991-07-01T00:00:00Z,1991.49589,679640400,353.37,0.14,31,-89.98,-24.8,2823.5,2810,13.5,...
SPO,1991,8,1,0,0,0,1991-08-01T00:00:00Z,1991.580822,682318800,353.79,0.07,31,-89.98,-24.8,2823.5,2810,13.5,...
SPO,1991,9,1,0,0,0,1991-09-01T00:00:00Z,1991.665753,684997200,353.95,0.05,30,-89.98,-24.8,2823.5,2810,13.5,...
SPO,1991,10,1,0,0,0,1991-10-01T00:00:00Z,1991.747945,687589200,353.83,0.07,31,-89.98,-24.8,2823.5,2810,13.5,...
SPO,1991,11,1,0,0,0,1991-11-01T00:00:00Z,1991.832877,690267600,353.89,0.06,30,-89.98,-24.8,2823.5,2810,13.5,...
SPO,1991,12,1,0,0,0,1991-12-01T00:00:00Z,1991.915068,692859600,353.76,0.06,30,-89.98,-24.8,2823.5,2810,13.5,...
SPO,1992,1,1,0,0,0,1992-01-01T00:00:00Z,1992,695538000,353.48,0.16,31,-89.98,-24.8,2823.5,2810,13.5,...
SPO,1992,2,1,0,0,0,1992-02-01T00:00:00Z,1992.084699,698216400,353.24,0.22,29,-89.98,-24.8,2823.5,2810,13.5,...
SPO,1992,3,1,0,0,0,1992-03-01T00:00:00Z,1992.163934,700722000,353.14,0.17,31,-89.98,-24.8,2823.5,2810,13.5,...
SPO,1992,4,1,0,0,0,1992-04-01T00:00:00Z,1992.248634,703400400,353.45,0.16,30,-89.98,-24.8,2823.5,2810,13.5,...
SPO,1992,5,1,0,0,0,1992-05-01T00:00:00Z,1992.330601,705992400,353.82,0.1,31,-89.98,-24.8,2823.5,2810,13.5,...
SPO,1992,6,1,0,0,0,1992-06-01T00:00:00Z,1992.415301,708670800,354.22,0.17,30,-89.98,-24.8,2823.5,2810,13.5,...
SPO,1992,7,1,0,0,0,1992-07-01T00:00:00Z,1992.497268,711262800,354.67,0.09,31,-89.98,-24.8,2823.5,2810,13.5,...
SPO,1992,8,1,0,0,0,1992-08-01T00:00:00Z,1992.581967,713941200,355.05,0.11,31,-89.98,-24.8,2823.5,2810,13.5,...
SPO,1992,9,1,0,0,0,1992-09-01T00:00:00Z,1992.666667,716619600,355.42,0.19,30,-89.98,-24.8,2823.5,2810,13.5,...
SPO,1992,10,1,0,0,0,1992-10-01T00:00:00Z,1992.748634,719211600,355.51,0.09,26,-89.98,-24.8,2823.5,2810,13.5,...
SPO,1992,11,1,0,0,0,1992-11-01T00:00:00Z,1992.833333,721890000,355.36,0.07,30,-89.98,-24.8,2823.5,2810,13.5,...
SPO,1992,12,1,0,0,0,1992-12-01T00:00:00Z,1992.915301,724482000,355.09,0.1,30,-89.98,-24.8,2823.5,2810,13.5,...
SPO,1993,1,1,0,0,0,1993-01-01T00:00:00Z,1993,727160400,354.82,0.09,28,-89.98,-24.8,2823.5,2810,13.5,...
SPO,1993,2,1,0,0,0,1993-02-01T00:00:00Z,1993.084932,729838800,354.48,0.17,28,-89.98,-24.8,2823.5,2810,13.5,...
SPO,1993,3,1,0,0,0,1993-03-01T00:00:00Z,1993.161644,732258000,354.33,0.08,31,-89.98,-24.8,2823.5,2810,13.5,...
SPO,1993,4,1,0,0,0,1993-04-01T00:00:00Z,1993.246575,734936400,354.43,0.04,30,-89.98,-24.8,2823.5,2810,13.5,...
SPO,1993,5,1,0,0,0,1993-05-01T00:00:00Z,1993.328767,737528400,354.57,0.09,31,-89.98,-24.8,2823.5,2810,13.5,...
SPO,1993,6,1,0,0,0,1993-06-01T00:00:00Z,1993.413699,740206800,354.85,0.13,30,-89.98,-24.8,2823.5,2810,13.5,...
SPO,1993,7,1,0,0,0,1993-07-01T00:00:00Z,1993.49589,742798800,355.4,0.13,31,-89.98,-24.8,2823.5,2810,13.5,...
SPO,1993,8,1,0,0,0,1993-08-01T00:00:00Z,1993.580822,745477200,355.85,0.11,31,-89.98,-24.8,2823.5,2810,13.5,...
SPO,1993,9,1,0,0,0,1993-09-01T00:00:00Z,1993.665753,748155600,356.08,0.05,30,-89.98,-24.8,2823.5,2810,13.5,...
SPO,1993,10,1,0,0,0,1993-10-01T00:00:00Z,1993.747945,750747600,356.07,0.06,31,-89.98,-24.8,2823.5,2810,13.5,...
SPO,1993,11,1,0,0,0,1993-11-01T00:00:00Z,1993.832877,753426000,356.01,0.07,30,-89.98,-24.8,2823.5,2810,13.5,...
SPO,1993,12,1,0,0,0,1993-12-01T00:00:00Z,1993.915068,756018000,355.79,0.07,31,-89.98,-24.8,2823.5,2810,13.5,...
SPO,1994,1,1,0,0,0,1994-01-01T00:00:00Z,1994,758696400,355.69,0.21,30,-89.98,-24.8,2823.5,2810,13.5,...
SPO,1994,2,1,0,0,0,1994-02-01T00:00:00Z,1994.084932,761374800,355.63,0.15,28,-89.98,-24.8,2823.5,2810,13.5,...
SPO,1994,3,1,0,0,0,1994-03-01T00:00:00Z,1994.161644,763794000,355.67,0.05,31,-89.98,-24.8,2823.5,2810,13.5,...
SPO,1994,4,1,0,0,0,1994-04-01T00:00:00Z,1994.246575,766472400,355.77,0.05,30,-89.98,-24.8,2823.5,2810,13.5,...
SPO,1994,5,1,0,0,0,1994-05-01T00:00:00Z,1994.328767,769064400,355.91,0.05,31,-89.98,-24.8,2823.5,2810,13.5,...
SPO,1994,6,1,0,0,0,1994-06-01T00:00:00Z,1994.413699,771742800,356.19,0.14,30,-89.98,-24.8,2823.5,2810,13.5,...
SPO,1994,7,1,0,0,0,1994-07-01T00:00:00Z,1994.49589,774334800,356.62,0.18,31,-89.98,-24.8,2823.5,2810,13.5,...
SPO,1994,8,1,0,0,0,1994-08-01T00:00:00Z,1994.580822,777013200,357.42,0.21,31,-89.98,-24.8,2823.5,2810,13.5,...
SPO,1994,9,1,0,0,0,1994-09-01T00:00:00Z,1994.665753,779691600,357.8,0.09,30,-89.98,-24.8,2823.5,2810,13.5,...
SPO,1994,10,1,0,0,0,1994-10-01T00:00:00Z,1994.747945,782283600,357.84,0.08,31,-89.98,-24.8,2823.5,2810,13.5,...
SPO,1994,11,1,0,0,0,1994-11-01T00:00:00Z,1994.832877,784962000,357.81,0.04,28,-89.98,-24.8,2823.5,2810,13.5,...
SPO,1994,12,1,0,0,0,1994-12-01T00:00:00Z,1994.915068,787554000,357.65,0.06,30,-89.98,-24.8,2823.5,2810,13.5,...
SPO,1995,1,1,0,0,0,1995-01-01T00:00:00Z,1995,790232400,357.48,0.09,31,-89.98,-24.8,2823.5,2810,13.5,...
SPO,1995,2,1,0,0,0,1995-02-01T00:00:00Z,1995.084932,792910800,357.49,0.12,28,-89.98,-24.8,2823.5,2810,13.5,...
SPO,1995,3,1,0,0,0,1995-03-01T00:00:00Z,1995.161644,795330000,357.68,0.09,31,-89.98,-24.8,2823.5,2810,13.5,...
SPO,1995,4,1,0,0,0,1995-04-01T00:00:00Z,1995.246575,798008400,357.67,0.08,30,-89.98,-24.8,2823.5,2810,13.5,...
SPO,1995,5,1,0,0,0,1995-05-01T00:00:00Z,1995.328767,800600400,357.9,0.08,30,-89.98,-24.8,2823.5,2810,13.5,...
SPO,1995,6,1,0,0,0,1995-06-01T00:00:00Z,1995.413699,803278800,358.14,0.11,30,-89.98,-24.8,2823.5,2810,13.5,...
SPO,1995,7,1,0,0,0,1995-07-01T00:00:00Z,1995.49589,805870800,358.62,0.23,31,-89.98,-24.8,2823.5,2810,13.5,...
SPO,1995,8,1,0,0,0,1995-08-01T00:00:00Z,1995.580822,808549200,359.05,0.08,31,-89.98,-24.8,2823.5,2810,13.5,...
SPO,1995,9,1,0,0,0,1995-09-01T00:00:00Z,1995.665753,811227600,359.38,0.11,30,-89.98,-24.8,2823.5,2810,13.5,...
SPO,1995,10,1,0,0,0,1995-10-01T00:00:00Z,1995.747945,813819600,359.57,0.06,31,-89.98,-24.8,2823.5,2810,13.5,...
SPO,1995,11,1,0,0,0,1995-11-01T00:00:00Z,1995.832877,816498000,359.62,0.03,30,-89.98,-24.8,2823.5,2810,13.5,...
SPO,1995,12,1,0,0,0,1995-12-01T00:00:00Z,1995.915068,819090000,359.61,0.1,30,-89.98,-24.8,2823.5,2810,13.5,...
SPO,1996,1,1,0,0,0,1996-01-01T00:00:00Z,1996,821768400,359.49,0.09,27,-89.98,-24.8,2823.5,2810,13.5,...
SPO,1996,2,1,0,0,0,1996-02-01T00:00:00Z,1996.084699,824446800,359.46,0.11,29,-89.98,-24.8,2823.5,2810,13.5,...
SPO,1996,3,1,0,0,0,1996-03-01T00:00:00Z,1996.163934,826952400,359.47,0.08,31,-89.98,-24.8,2823.5,2810,13.5,...
SPO,1996,4,1,0,0,0,1996-04-01T00:00:00Z,1996.248634,829630800,359.52,0.05,30,-89.98,-24.8,2823.5,2810,13.5,...
SPO,1996,5,1,0,0,0,1996-05-01T00:00:00Z,1996.330601,832222800,359.69,0.05,31,-89.98,-24.8,2823.5,2810,13.5,...
SPO,1996,6,1,0,0,0,1996-06-01T00:00:00Z,1996.415301,834901200,359.91,0.09,30,-89.98,-24.8,2823.5,2810,13.5,...
SPO,1996,7,1,0,0,0,1996-07-01T00:00:00Z,1996.497268,837493200,360.35,0.16,30,-89.98,-24.8,2823.5,2810,13.5,...
SPO,1996,8,1,0,0,0,1996-08-01T00:00:00Z,1996.581967,840171600,360.76,0.11,31,-89.98,-24.8,2823.5,2810,13.5,...
SPO,1996,9,1,0,0,0,1996-09-01T00:00:00Z,1996.666667,842850000,360.88,0.03,30,-89.98,-24.8,2823.5,2810,13.5,...
SPO,1996,10,1,0,0,0,1996-10-01T00:00:00Z,1996.748634,845442000,360.93,0.07,29,-89.98,-24.8,2823.5,2810,13.5,...
SPO,1996,11,1,0,0,0,1996-11-01T00:00:00Z,1996.833333,848120400,360.9,0.05,24,-89.98,-24.8,2823.5,2810,13.5,...
SPO,1996,12,1,0,0,0,1996-12-01T00:00:00Z,1996.915301,850712400,360.87,0.06,25,-89.98,-24.8,2823.5,2810,13.5,...
SPO,1997,1,1,0,0,0,1997-01-01T00:00:00Z,1997,853390800,360.73,0.09,20,-89.98,-24.8,2821.28,2810,11.28,...
SPO,1997,2,1,0,0,0,1997-02-01T00:00:00Z,1997.084932,856069200,360.57,0.1,28,-89.98,-24.8,2821.28,2810,11.28,...
SPO,1997,3,1,0,0,0,1997-03-01T00:00:00Z,1997.161644,858488400,360.6,0.09,31,-89.98,-24.8,2821.28,2810,11.28,...
SPO,1997,4,1,0,0,0,1997-04-01T00:00:00Z,1997.246575,861166800,360.85,0.07,30,-89.98,-24.8,2821.28,2810,11.28,...
SPO,1997,5,1,0,0,0,1997-05-01T00:00:00Z,1997.328767,863758800,361.01,0.09,29,-89.98,-24.8,2821.28,2810,11.28,...
SPO,1997,6,1,0,0,0,1997-06-01T00:00:00Z,1997.413699,866437200,361.37,0.13,30,-89.98,-24.8,2821.28,2810,11.28,...
SPO,1997,7,1,0,0,0,1997-07-01T00:00:00Z,1997.49589,869029200,361.68,0.12,29,-89.98,-24.8,2821.28,2810,11.28,...
SPO,1997,8,1,0,0,0,1997-08-01T00:00:00Z,1997.580822,871707600,362,0.14,31,-89.98,-24.8,2821.28,2810,11.28,...
SPO,1997,9,1,0,0,0,1997-09-01T00:00:00Z,1997.665753,874386000,362.32,0.05,30,-89.98,-24.8,2821.28,2810,11.28,...
SPO,1997,10,1,0,0,0,1997-10-01T00:00:00Z,1997.747945,876978000,362.4,0.09,28,-89.98,-24.8,2821.28,2810,11.28,...
SPO,1997,11,1,0,0,0,1997-11-01T00:00:00Z,1997.832877,879656400,362.52,0.05,30,-89.98,-24.8,2821.28,2810,11.28,...
SPO,1997,12,1,0,0,0,1997-12-01T00:00:00Z,1997.915068,882248400,362.53,0.07,30,-89.98,-24.8,2821.28,2810,11.28,...
SPO,1998,1,1,0,0,0,1998-01-01T00:00:00Z,1998,884926800,362.46,0.23,30,-89.98,-24.8,2821.28,2810,11.28,...
SPO,1998,2,1,0,0,0,1998-02-01T00:00:00Z,1998.084932,887605200,362.59,0.13,26,-89.98,-24.8,2821.28,2810,11.28,...
SPO,1998,3,1,0,0,0,1998-03-01T00:00:00Z,1998.161644,890024400,362.71,0.09,31,-89.98,-24.8,2821.28,2810,11.28,...
SPO,1998,4,1,0,0,0,1998-04-01T00:00:00Z,1998.246575,892702800,363.03,0.07,30,-89.98,-24.8,2821.28,2810,11.28,...
SPO,1998,5,1,0,0,0,1998-05-01T00:00:00Z,1998.328767,895294800,363.35,0.15,31,-89.98,-24.8,2821.28,2810,11.28,...
SPO,1998,6,1,0,0,0,1998-06-01T00:00:00Z,1998.413699,897973200,363.84,0.14,30,-89.98,-24.8,2821.28,2810,11.28,...
SPO,1998,7,1,0,0,0,1998-07-01T00:00:00Z,1998.49589,900565200,364.35,0.2,31,-89.98,-24.8,2821.28,2810,11.28,...
SPO,1998,8,1,0,0,0,1998-08-01T00:00:00Z,1998.580822,903243600,364.94,0.15,30,-89.98,-24.8,2821.28,2810,11.28,...
SPO,1998,9,1,0,0,0,1998-09-01T00:00:00Z,1998.665753,905922000,365.25,0.07,30,-89.98,-24.8,2821.28,2810,11.28,...
SPO,1998,10,1,0,0,0,1998-10-01T00:00:00Z,1998.747945,908514000,365.3,0.04,31,-89.98,-24.8,2821.28,2810,11.28,...
SPO,1998,11,1,0,0,0,1998-11-01T00:00:00Z,1998.832877,911192400,365.31,0.07,26,-89.98,-24.8,2821.28,2810,11.28,...
SPO,1998,12,1,0,0,0,1998-12-01T00:00:00Z,1998.915068,913784400,365.24,0.07,31,-89.98,-24.8,2821.28,2810,11.28,...
SPO,1999,1,1,0,0,0,1999-01-01T00:00:00Z,1999,916462800,365.18,0.11,31,-89.98,-24.8,2821.28,2810,11.28,...
SPO,1999,2,1,0,0,0,1999-02-01T00:00:00Z,1999.084932,919141200,365.09,0.09,28,-89.98,-24.8,2821.28,2810,11.28,...
SPO,1999,3,1,0,0,0,1999-03-01T00:00:00Z,1999.161644,921560400,365,0.06,31,-89.98,-24.8,2821.28,2810,11.28,...
SPO,1999,4,1,0,0,0,1999-04-01T00:00:00Z,1999.246575,924238800,365.17,0.04,30,-89.98,-24.8,2821.28,2810,11.28,...
SPO,1999,5,1,0,0,0,1999-05-01T00:00:00Z,1999.328767,926830800,365.38,0.09,31,-89.98,-24.8,2821.28,2810,11.28,...
SPO,1999,6,1,0,0,0,1999-06-01T00:00:00Z,1999.413699,929509200,365.72,0.07,30,-89.98,-24.8,2821.28,2810,11.28,...
SPO,1999,7,1,0,0,0,1999-07-01T00:00:00Z,1999.49589,932101200,366.04,0.11,30,-89.98,-24.8,2821.28,2810,11.28,...
SPO,1999,8,1,0,0,0,1999-08-01T00:00:00Z,1999.580822,934779600,366.43,0.13,31,-89.98,-24.8,2821.28,2810,11.28,...
SPO,1999,9,1,0,0,0,1999-09-01T00:00:00Z,1999.665753,937458000,366.69,0.05,29,-89.98,-24.8,2821.28,2810,11.28,...
SPO,1999,10,1,0,0,0,1999-10-01T00:00:00Z,1999.747945,940050000,366.83,0.1,31,-89.98,-24.8,2821.28,2810,11.28,...
SPO,1999,11,1,0,0,0,1999-11-01T00:00:00Z,1999.832877,942728400,366.94,0.03,29,-89.98,-24.8,2821.28,2810,11.28,...
SPO,1999,12,1,0,0,0,1999-12-01T00:00:00Z,1999.915068,945320400,366.84,0.09,30,-89.98,-24.8,2821.28,2810,11.28,...
SPO,2000,1,1,0,0,0,2000-01-01T00:00:00Z,2000,947998800,366.69,0.1,31,-89.98,-24.8,2821.28,2810,11.28,...
SPO,2000,2,1,0,0,0,2000-02-01T00:00:00Z,2000.084699,950677200,366.52,0.08,24,-89.98,-24.8,2821.28,2810,11.28,...
SPO,2000,3,1,0,0,0,2000-03-01T00:00:00Z,2000.163934,953182800,366.42,0.04,23,-89.98,-24.8,2821.28,2810,11.28,...
SPO,2000,4,1,0,0,0,2000-04-01T00:00:00Z,2000.248634,955861200,366.5,0.06,30,-89.98,-24.8,2821.28,2810,11.28,...
SPO,2000,5,1,0,0,0,2000-05-01T00:00:00Z,2000.330601,958453200,366.62,0.08,31,-89.98,-24.8,2821.28,2810,11.28,...
SPO,2000,6,1,0,0,0,2000-06-01T00:00:00Z,2000.415301,961131600,366.91,0.14,30,-89.98,-24.8,2821.28,2810,11.28,...
SPO,2000,7,1,0,0,0,2000-07-01T00:00:00Z,2000.497268,963723600,367.35,0.14,31,-89.98,-24.8,2821.28,2810,11.28,...
SPO,2000,8,1,0,0,0,2000-08-01T00:00:00Z,2000.581967,966402000,367.84,0.14,29,-89.98,-24.8,2821.28,2810,11.28,...
SPO,2000,9,1,0,0,0,2000-09-01T00:00:00Z,2000.666667,969080400,368.05,0.09,30,-89.98,-24.8,2821.28,2810,11.28,...
SPO,2000,10,1,0,0,0,2000-10-01T00:00:00Z,2000.748634,971672400,368.05,0.05,30,-89.98,-24.8,2821.28,2810,11.28,...
SPO,2000,11,1,0,0,0,2000-11-01T00:00:00Z,2000.833333,974350800,367.97,0.07,30,-89.98,-24.8,2821.28,2810,11.28,...
SPO,2000,12,1,0,0,0,2000-12-01T00:00:00Z,2000.915301,976942800,368.24,0.14,31,-89.98,-24.8,2821.28,2810,11.28,...
SPO,2001,1,1,0,0,0,2001-01-01T00:00:00Z,2001,979621200,368.07,0.12,29,-89.98,-24.8,2821.28,2810,11.28,...
SPO,2001,2,1,0,0,0,2001-02-01T00:00:00Z,2001.084932,982299600,367.79,0.08,28,-89.98,-24.8,2821.28,2810,11.28,...
SPO,2001,3,1,0,0,0,2001-03-01T00:00:00Z,2001.161644,984718800,367.74,0.06,30,-89.98,-24.8,2821.28,2810,11.28,...
SPO,2001,4,1,0,0,0,2001-04-01T00:00:00Z,2001.246575,987397200,368,0.11,30,-89.98,-24.8,2821.28,2810,11.28,...
SPO,2001,5,1,0,0,0,2001-05-01T00:00:00Z,2001.328767,989989200,368.26,0.09,31,-89.98,-24.8,2821.28,2810,11.28,...
SPO,2001,6,1,0,0,0,2001-06-01T00:00:00Z,2001.413699,992667600,368.53,0.09,30,-89.98,-24.8,2821.28,2810,11.28,...
SPO,2001,7,1,0,0,0,2001-07-01T00:00:00Z,2001.49589,995259600,368.96,0.19,31,-89.98,-24.8,2821.28,2810,11.28,...
SPO,2001,8,1,0,0,0,2001-08-01T00:00:00Z,2001.580822,997938000,369.46,0.15,31,-89.98,-24.8,2821.28,2810,11.28,...
SPO,2001,9,1,0,0,0,2001-09-01T00:00:00Z,2001.665753,1000616400,369.79,0.11,30,-89.98,-24.8,2821.28,2810,11.28,...
SPO,2001,10,1,0,0,0,2001-10-01T00:00:00Z,2001.747945,1003208400,370.05,0.09,31,-89.98,-24.8,2821.28,2810,11.28,...
SPO,2001,11,1,0,0,0,2001-11-01T00:00:00Z,2001.832877,1005886800,370.08,0.05,29,-89.98,-24.8,2821.28,2810,11.28,...
SPO,2001,12,1,0,0,0,2001-12-01T00:00:00Z,2001.915068,1008478800,369.88,0.09,28,-89.98,-24.8,2821.28,2810,11.28,...
SPO,2002,1,1,0,0,0,2002-01-01T00:00:00Z,2002,1011157200,369.74,0.08,31,-89.98,-24.8,2821.28,2810,11.28,...
SPO,2002,2,1,0,0,0,2002-02-01T00:00:00Z,2002.084932,1013835600,369.65,0.09,27,-89.98,-24.8,2821.28,2810,11.28,...
SPO,2002,3,1,0,0,0,2002-03-01T00:00:00Z,2002.161644,1016254800,369.7,0.09,31,-89.98,-24.8,2821.28,2810,11.28,...
SPO,2002,4,1,0,0,0,2002-04-01T00:00:00Z,2002.246575,1018933200,369.96,0.06,30,-89.98,-24.8,2821.28,2810,11.28,...
SPO,2002,5,1,0,0,0,2002-05-01T00:00:00Z,2002.328767,1021525200,370.22,0.11,31,-89.98,-24.8,2821.28,2810,11.28,...
SPO,2002,6,1,0,0,0,2002-06-01T00:00:00Z,2002.413699,1024203600,370.62,0.11,30,-89.98,-24.8,2821.28,2810,11.28,...
SPO,2002,7,1,0,0,0,2002-07-01T00:00:00Z,2002.49589,1026795600,371.13,0.14,31,-89.98,-24.8,2821.28,2810,11.28,...
SPO,2002,8,1,0,0,0,2002-08-01T00:00:00Z,2002.580822,1029474000,371.65,0.18,30,-89.98,-24.8,2821.28,2810,11.28,...
SPO,2002,9,1,0,0,0,2002-09-01T00:00:00Z,2002.665753,1032152400,372.06,0.11,29,-89.98,-24.8,2821.28,2810,11.28,...
SPO,2002,10,1,0,0,0,2002-10-01T00:00:00Z,2002.747945,1034744400,372.24,0.03,31,-89.98,-24.8,2821.28,2810,11.28,...
SPO,2002,11,1,0,0,0,2002-11-01T00:00:00Z,2002.832877,1037422800,372.2,0.02,30,-89.98,-24.8,2821.28,2810,11.28,...
SPO,2002,12,1,0,0,0,2002-12-01T00:00:00Z,2002.915068,1040014800,372.08,0.07,30,-89.98,-24.8,2821.28,2810,11.28,...
SPO,2003,1,1,0,0,0,2003-01-01T00:00:00Z,2003,1042693200,372.16,0.06,31,-89.98,-24.8,2821.28,2810,11.28,...
SPO,2003,2,1,0,0,0,2003-02-01T00:00:00Z,2003.084932,1045371600,372.06,0.23,28,-89.98,-24.8,2821.28,2810,11.28,...
SPO,2003,3,1,0,0,0,2003-03-01T00:00:00Z,2003.161644,1047790800,372.16,0.16,31,-89.98,-24.8,2821.28,2810,11.28,...
SPO,2003,4,1,0,0,0,2003-04-01T00:00:00Z,2003.246575,1050469200,372.31,0.11,30,-89.98,-24.8,2821.28,2810,11.28,...
SPO,2003,5,1,0,0,0,2003-05-01T00:00:00Z,2003.328767,1053061200,372.64,0.1,31,-89.98,-24.8,2821.28,2810,11.28,...
SPO,2003,6,1,0,0,0,2003-06-01T00:00:00Z,2003.413699,1055739600,372.97,0.13,29,-89.98,-24.8,2821.28,2810,11.28,...
SPO,2003,7,1,0,0,0,2003-07-01T00:00:00Z,2003.49589,1058331600,373.41,0.16,31,-89.98,-24.8,2821.28,2810,11.28,...
SPO,2003,8,1,0,0,0,2003-08-01T00:00:00Z,2003.580822,1061010000,373.98,0.21,31,-89.98,-24.8,2821.28,2810,11.28,...
SPO,2003,9,1,0,0,0,2003-09-01T00:00:00Z,2003.665753,1063688400,374.29,0.04,30,-89.98,-24.8,2821.28,2810,11.28,...
SPO,2003,10,1,0,0,0,2003-10-01T00:00:00Z,2003.747945,1066280400,374.3,0.06,31,-89.98,-24.8,2821.28,2810,11.28,...
SPO,2003,11,1,0,0,0,2003-11-01T00:00:00Z,2003.832877,1068958800,374.19,0.05,30,-89.98,-24.8,2821.28,2810,11.28,...
SPO,2003,12,1,0,0,0,2003-12-01T00:00:00Z,2003.915068,1071550800,374.19,0.05,30,-89.98,-24.8,2821.28,2810,11.28,...
SPO,2004,1,1,0,0,0,2004-01-01T00:00:00Z,2004,1074229200,374.22,0.1,22,-89.98,-24.8,2821.28,2810,11.28,...
SPO,2004,2,1,0,0,0,2004-02-01T00:00:00Z,2004.084699,1076907600,374.03,0.15,29,-89.98,-24.8,2821.28,2810,11.28,...
SPO,2004,3,1,0,0,0,2004-03-01T00:00:00Z,2004.163934,1079413200,374.23,0.12,31,-89.98,-24.8,2821.28,2810,11.28,...
SPO,2004,4,1,0,0,0,2004-04-01T00:00:00Z,2004.248634,1082091600,374.36,0.11,30,-89.98,-24.8,2821.28,2810,11.28,...
SPO,2004,5,1,0,0,0,2004-05-01T00:00:00Z,2004.330601,1084683600,374.57,0.09,31,-89.98,-24.8,2821.28,2810,11.28,...
SPO,2004,6,1,0,0,0,2004-06-01T00:00:00Z,2004.415301,1087362000,374.94,0.11,30,-89.98,-24.8,2821.28,2810,11.28,...
SPO,2004,7,1,0,0,0,2004-07-01T00:00:00Z,2004.497268,1089954000,375.25,0.12,31,-89.98,-24.8,2821.28,2810,11.28,...
SPO,2004,8,1,0,0,0,2004-08-01T00:00:00Z,2004.581967,1092632400,375.76,0.1,31,-89.98,-24.8,2821.28,2810,11.28,...
SPO,2004,9,1,0,0,0,2004-09-01T00:00:00Z,2004.666667,1095310800,375.92,0.08,30,-89.98,-24.8,2821.28,2810,11.28,...
SPO,2004,10,1,0,0,0,2004-10-01T00:00:00Z,2004.748634,1097902800,375.9,0.06,31,-89.98,-24.8,2821.28,2810,11.28,...
SPO,2004,11,1,0,0,0,2004-11-01T00:00:00Z,2004.833333,1100581200,375.86,0.08,30,-89.98,-24.8,2821.28,2810,11.28,...
SPO,2004,12,1,0,0,0,2004-12-01T00:00:00Z,2004.915301,1103173200,375.84,0.07,31,-89.98,-24.8,2821.28,2810,11.28,...
SPO,2005,1,1,0,0,0,2005-01-01T00:00:00Z,2005,1105851600,375.81,0.09,28,-89.98,-24.8,2821.28,2810,11.28,...
SPO,2005,2,1,0,0,0,2005-02-01T00:00:00Z,2005.084932,1108530000,375.45,0.18,26,-89.98,-24.8,2821.28,2810,11.28,...
SPO,2005,3,1,0,0,0,2005-03-01T00:00:00Z,2005.161644,1110949200,375.64,0.11,31,-89.98,-24.8,2821.28,2810,11.28,...
SPO,2005,4,1,0,0,0,2005-04-01T00:00:00Z,2005.246575,1113627600,375.83,0.12,30,-89.98,-24.8,2821.28,2810,11.28,...
SPO,2005,5,1,0,0,0,2005-05-01T00:00:00Z,2005.328767,1116219600,376.27,0.15,31,-89.98,-24.8,2821.28,2810,11.28,...
SPO,2005,6,1,0,0,0,2005-06-01T00:00:00Z,2005.413699,1118898000,376.79,0.16,29,-89.98,-24.8,2821.28,2810,11.28,...
SPO,2005,7,1,0,0,0,2005-07-01T00:00:00Z,2005.49589,1121490000,377.31,0.15,31,-89.98,-24.8,2821.28,2810,11.28,...
SPO,2005,8,1,0,0,0,2005-08-01T00:00:00Z,2005.580822,1124168400,377.8,0.1,31,-89.98,-24.8,2821.28,2810,11.28,...
SPO,2005,9,1,0,0,0,2005-09-01T00:00:00Z,2005.665753,1126846800,378.06,0.07,28,-89.98,-24.8,2821.28,2810,11.28,...
SPO,2005,10,1,0,0,0,2005-10-01T00:00:00Z,2005.747945,1129438800,378.15,0.05,30,-89.98,-24.8,2821.28,2810,11.28,...
SPO,2005,11,1,0,0,0,2005-11-01T00:00:00Z,2005.832877,1132117200,378.1,0.03,28,-89.98,-24.8,2821.28,2810,11.28,...
SPO,2005,12,1,0,0,0,2005-12-01T00:00:00Z,2005.915068,1134709200,378.11,0.04,31,-89.98,-24.8,2821.28,2810,11.28,...
SPO,2006,1,1,0,0,0,2006-01-01T00:00:00Z,2006,1137387600,378.1,0.11,31,-89.98,-24.8,2821.28,2810,11.28,...
SPO,2006,2,1,0,0,0,2006-02-01T00:00:00Z,2006.084932,1140066000,377.85,0.09,28,-89.98,-24.8,2821.28,2810,11.28,...
SPO,2006,3,1,0,0,0,2006-03-01T00:00:00Z,2006.161644,1142485200,378.02,0.12,31,-89.98,-24.8,2821.28,2810,11.28,...
SPO,2006,4,1,0,0,0,2006-04-01T00:00:00Z,2006.246575,1145163600,378.12,0.1,30,-89.98,-24.8,2821.28,2810,11.28,...
SPO,2006,5,1,0,0,0,2006-05-01T00:00:00Z,2006.328767,1147755600,378.39,0.06,31,-89.98,-24.8,2821.28,2810,11.28,...
SPO,2006,6,1,0,0,0,2006-06-01T00:00:00Z,2006.413699,1150434000,378.63,0.06,30,-89.98,-24.8,2821.28,2810,11.28,...
SPO,2006,7,1,0,0,0,2006-07-01T00:00:00Z,2006.49589,1153026000,378.98,0.15,31,-89.98,-24.8,2821.28,2810,11.28,...
SPO,2006,8,1,0,0,0,2006-08-01T00:00:00Z,2006.580822,1155704400,379.45,0.12,31,-89.98,-24.8,2821.28,2810,11.28,...
SPO,2006,9,1,0,0,0,2006-09-01T00:00:00Z,2006.665753,1158382800,379.71,0.08,30,-89.98,-24.8,2821.28,2810,11.28,...
SPO,2006,10,1,0,0,0,2006-10-01T00:00:00Z,2006.747945,1160974800,379.81,0.04,30,-89.98,-24.8,2821.28,2810,11.28,...
SPO,2006,11,1,0,0,0,2006-11-01T00:00:00Z,2006.832877,1163653200,379.78,0.03,29,-89.98,-24.8,2821.28,2810,11.28,...
SPO,2006,12,1,0,0,0,2006-12-01T00:00:00Z,2006.915068,1166245200,379.78,0.06,31,-89.98,-24.8,2821.28,2810,11.28,...
SPO,2007,1,1,0,0,0,2007-01-01T00:00:00Z,2007,1168923600,379.74,0.11,14,-89.98,-24.8,2821.28,2810,11.28,...
SPO,2007,2,1,0,0,0,2007-02-01T00:00:00Z,2007.084932,1171602000,379.69,0.1,28,-89.98,-24.8,2821.28,2810,11.28,...
SPO,2007,3,1,0,0,0,2007-03-01T00:00:00Z,2007.161644,1174021200,379.68,0.09,31,-89.98,-24.8,2821.28,2810,11.28,...
SPO,2007,4,1,0,0,0,2007-04-01T00:00:00Z,2007.246575,1176699600,380.02,0.09,30,-89.98,-24.8,2821.28,2810,11.28,...
SPO,2007,5,1,0,0,0,2007-05-01T00:00:00Z,2007.328767,1179291600,380.35,0.09,31,-89.98,-24.8,2821.28,2810,11.28,...
SPO,2007,6,1,0,0,0,2007-06-01T00:00:00Z,2007.413699,1181970000,380.71,0.11,30,-89.98,-24.8,2821.28,2810,11.28,...
SPO,2007,7,1,0,0,0,2007-07-01T00:00:00Z,2007.49589,1184562000,381.13,0.16,31,-89.98,-24.8,2821.28,2810,11.28,...
SPO,2007,8,1,0,0,0,2007-08-01T00:00:00Z,2007.580822,1187240400,381.56,0.12,31,-89.98,-24.8,2821.28,2810,11.28,...
SPO,2007,9,1,0,0,0,2007-09-01T00:00:00Z,2007.665753,1189918800,381.92,0.09,30,-89.98,-24.8,2821.28,2810,11.28,...
SPO,2007,10,1,0,0,0,2007-10-01T00:00:00Z,2007.747945,1192510800,382.04,0.04,31,-89.98,-24.8,2821.28,2810,11.28,...
SPO,2007,11,1,0,0,0,2007-11-01T00:00:00Z,2007.832877,1195189200,382.03,0.04,19,-89.98,-24.8,2821.28,2810,11.28,...
SPO,2007,12,1,0,0,0,2007-12-01T00:00:00Z,2007.915068,1197781200,382.03,0.07,24,-89.98,-24.8,2821.28,2810,11.28,...
SPO,2008,1,1,0,0,0,2008-01-01T00:00:00Z,2008,1200459600,381.97,0.08,30,-89.98,-24.8,2821.28,2810,11.28,...
SPO,2008,2,1,0,0,0,2008-02-01T00:00:00Z,2008.084699,1203138000,381.93,0.08,29,-89.98,-24.8,2821.28,2810,11.28,...
SPO,2008,3,1,0,0,0,2008-03-01T00:00:00Z,2008.163934,1205643600,382.07,0.08,31,-89.98,-24.8,2821.28,2810,11.28,...
SPO,2008,4,1,0,0,0,2008-04-01T00:00:00Z,2008.248634,1208322000,382.18,0.06,30,-89.98,-24.8,2821.28,2810,11.28,...
SPO,2008,5,1,0,0,0,2008-05-01T00:00:00Z,2008.330601,1210914000,382.28,0.06,31,-89.98,-24.8,2821.28,2810,11.28,...
SPO,2008,6,1,0,0,0,2008-06-01T00:00:00Z,2008.415301,1213592400,382.58,0.13,30,-89.98,-24.8,2821.28,2810,11.28,...
SPO,2008,7,1,0,0,0,2008-07-01T00:00:00Z,2008.497268,1216184400,383.13,0.18,31,-89.98,-24.8,2821.28,2810,11.28,...
SPO,2008,8,1,0,0,0,2008-08-01T00:00:00Z,2008.581967,1218862800,383.53,0.1,31,-89.98,-24.8,2821.28,2810,11.28,...
SPO,2008,9,1,0,0,0,2008-09-01T00:00:00Z,2008.666667,1221541200,383.78,0.08,29,-89.98,-24.8,2821.28,2810,11.28,...
SPO,2008,10,1,0,0,0,2008-10-01T00:00:00Z,2008.748634,1224133200,383.89,0.07,31,-89.98,-24.8,2821.28,2810,11.28,...
SPO,2008,11,1,0,0,0,2008-11-01T00:00:00Z,2008.833333,1226811600,383.84,0.09,30,-89.98,-24.8,2821.28,2810,11.28,...
SPO,2008,12,1,0,0,0,2008-12-01T00:00:00Z,2008.915301,1229403600,383.71,0.09,31,-89.98,-24.8,2821.28,2810,11.28,...
SPO,2009,1,1,0,0,0,2009-01-01T00:00:00Z,2009,1232082000,383.69,0.18,31,-89.98,-24.8,2821.28,2810,11.28,...
SPO,2009,2,1,0,0,0,2009-02-01T00:00:00Z,2009.084932,1234760400,383.49,0.11,28,-89.98,-24.8,2821.28,2810,11.28,...
SPO,2009,3,1,0,0,0,2009-03-01T00:00:00Z,2009.161644,1237179600,383.52,0.11,31,-89.98,-24.8,2821.28,2810,11.28,...
SPO,2009,4,1,0,0,0,2009-04-01T00:00:00Z,2009.246575,1239858000,383.71,0.07,28,-89.98,-24.8,2821.28,2810,11.28,...
SPO,2009,5,1,0,0,0,2009-05-01T00:00:00Z,2009.328767,1242450000,383.89,0.08,31,-89.98,-24.8,2821.28,2810,11.28,...
SPO,2009,6,1,0,0,0,2009-06-01T00:00:00Z,2009.413699,1245128400,384.16,0.12,30,-89.98,-24.8,2821.28,2810,11.28,...
SPO,2009,7,1,0,0,0,2009-07-01T00:00:00Z,2009.49589,1247720400,384.55,0.11,31,-89.98,-24.8,2821.28,2810,11.28,...
SPO,2009,8,1,0,0,0,2009-08-01T00:00:00Z,2009.580822,1250398800,384.93,0.13,31,-89.98,-24.8,2821.28,2810,11.28,...
SPO,2009,9,1,0,0,0,2009-09-01T00:00:00Z,2009.665753,1253077200,385.25,0.08,30,-89.98,-24.8,2821.28,2810,11.28,...
SPO,2009,10,1,0,0,0,2009-10-01T00:00:00Z,2009.747945,1255669200,385.43,0.05,31,-89.98,-24.8,2821.28,2810,11.28,...
SPO,2009,11,1,0,0,0,2009-11-01T00:00:00Z,2009.832877,1258347600,385.43,0.04,27,-89.98,-24.8,2821.28,2810,11.28,...
SPO,2009,12,1,0,0,0,2009-12-01T00:00:00Z,2009.915068,1260939600,385.37,0.03,31,-89.98,-24.8,2821.28,2810,11.28,...
SPO,2010,1,1,0,0,0,2010-01-01T00:00:00Z,2010,1263618000,385.31,0.14,31,-89.98,-24.8,2821.28,2810,11.28,...
SPO,2010,2,1,0,0,0,2010-02-01T00:00:00Z,2010.084932,1266296400,384.95,0.26,28,-89.98,-24.8,2821.28,2810,11.28,...
SPO,2010,3,1,0,0,0,2010-03-01T00:00:00Z,2010.161644,1268715600,385.01,0.21,31,-89.98,-24.8,2821.28,2810,11.28,...
SPO,2010,4,1,0,0,0,2010-04-01T00:00:00Z,2010.246575,1271394000,385.13,0.09,30,-89.98,-24.8,2821.28,2810,11.28,...
SPO,2010,5,1,0,0,0,2010-05-01T00:00:00Z,2010.328767,1273986000,385.43,0.15,31,-89.98,-24.8,2821.28,2810,11.28,...
SPO,2010,6,1,0,0,0,2010-06-01T00:00:00Z,2010.413699,1276664400,385.92,0.2,30,-89.98,-24.8,2821.28,2810,11.28,...
SPO,2010,7,1,0,0,0,2010-07-01T00:00:00Z,2010.49589,1279256400,386.56,0.23,31,-89.98,-24.8,2821.28,2810,11.28,...
SPO,2010,8,1,0,0,0,2010-08-01T00:00:00Z,2010.580822,1281934800,387.27,0.2,31,-89.98,-24.8,2821.28,2810,11.28,...
SPO,2010,9,1,0,0,0,2010-09-01T00:00:00Z,2010.665753,1284613200,387.6,0.05,30,-89.98,-24.8,2821.28,2810,11.28,...
SPO,2010,10,1,0,0,0,2010-10-01T00:00:00Z,2010.747945,1287205200,387.67,0.04,31,-89.98,-24.8,2821.28,2810,11.28,...
SPO,2010,11,1,0,0,0,2010-11-01T00:00:00Z,2010.832877,1289883600,387.63,0.05,30,-89.98,-24.8,2821.28,2810,11.28,...
SPO,2010,12,1,0,0,0,2010-12-01T00:00:00Z,2010.915068,1292475600,387.51,0.1,31,-89.98,-24.8,2821.28,2810,11.28,...
SPO,2011,1,1,0,0,0,2011-01-01T00:00:00Z,2011,1295154000,387.41,0.18,31,-89.98,-24.8,2821.28,2810,11.28,...
SPO,2011,2,1,0,0,0,2011-02-01T00:00:00Z,2011.084932,1297832400,387.2,0.28,28,-89.98,-24.8,2821.28,2810,11.28,...
SPO,2011,3,1,0,0,0,2011-03-01T00:00:00Z,2011.161644,1300251600,387.1,0.13,31,-89.98,-24.8,2821.28,2810,11.28,...
SPO,2011,4,1,0,0,0,2011-04-01T00:00:00Z,2011.246575,1302930000,387.25,0.08,30,-89.98,-24.8,2821.28,2810,11.28,...
SPO,2011,5,1,0,0,0,2011-05-01T00:00:00Z,2011.328767,1305522000,387.51,0.1,31,-89.98,-24.8,2821.28,2810,11.28,...
SPO,2011,6,1,0,0,0,2011-06-01T00:00:00Z,2011.413699,1308200400,387.76,0.09,30,-89.98,-24.8,2821.28,2810,11.28,...
SPO,2011,7,1,0,0,0,2011-07-01T00:00:00Z,2011.49589,1310792400,388.21,0.19,31,-89.98,-24.8,2821.28,2810,11.28,...
SPO,2011,8,1,0,0,0,2011-08-01T00:00:00Z,2011.580822,1313470800,388.73,0.12,31,-89.98,-24.8,2821.28,2810,11.28,...
SPO,2011,9,1,0,0,0,2011-09-01T00:00:00Z,2011.665753,1316149200,389.09,0.07,30,-89.98,-24.8,2821.28,2810,11.28,...
SPO,2011,10,1,0,0,0,2011-10-01T00:00:00Z,2011.747945,1318741200,389.28,0.03,30,-89.98,-24.8,2821.28,2810,11.28,...
SPO,2011,11,1,0,0,0,2011-11-01T00:00:00Z,2011.832877,1321419600,389.33,0.1,30,-89.98,-24.8,2821.28,2810,11.28,...
SPO,2011,12,1,0,0,0,2011-12-01T00:00:00Z,2011.915068,1324011600,389.27,0.15,29,-89.98,-24.8,2821.28,2810,11.28,...
SPO,2012,1,1,0,0,0,2012-01-01T00:00:00Z,2012,1326690000,389.13,0.12,31,-89.98,-24.8,2821.28,2810,11.28,...
SPO,2012,2,1,0,0,0,2012-02-01T00:00:00Z,2012.084699,1329368400,388.75,0.3,29,-89.98,-24.8,2821.28,2810,11.28,...
SPO,2012,3,1,0,0,0,2012-03-01T00:00:00Z,2012.163934,1331874000,388.96,0.09,31,-89.98,-24.8,2821.28,2810,11.28,...
SPO,2012,4,1,0,0,0,2012-04-01T00:00:00Z,2012.248634,1334552400,389.19,0.08,30,-89.98,-24.8,2821.28,2810,11.28,...
SPO,2012,5,1,0,0,0,2012-05-01T00:00:00Z,2012.330601,1337144400,389.45,0.13,31,-89.98,-24.8,2821.28,2810,11.28,...
SPO,2012,6,1,0,0,0,2012-06-01T00:00:00Z,2012.415301,1339822800,389.8,0.17,30,-89.98,-24.8,2821.28,2810,11.28,...
SPO,2012,7,1,0,0,0,2012-07-01T00:00:00Z,2012.497268,1342414800,390.43,0.18,31,-89.98,-24.8,2821.28,2810,11.28,...
SPO,2012,8,1,0,0,0,2012-08-01T00:00:00Z,2012.581967,1345093200,391.08,0.18,31,-89.98,-24.8,2821.28,2810,11.28,...
SPO,2012,9,1,0,0,0,2012-09-01T00:00:00Z,2012.666667,1347771600,391.45,0.06,30,-89.98,-24.8,2821.28,2810,11.28,...
SPO,2012,10,1,0,0,0,2012-10-01T00:00:00Z,2012.748634,1350363600,391.53,0.06,31,-89.98,-24.8,2821.28,2810,11.28,...
SPO,2012,11,1,0,0,0,2012-11-01T00:00:00Z,2012.833333,1353042000,391.51,0.06,30,-89.98,-24.8,2821.28,2810,11.28,...
SPO,2012,12,1,0,0,0,2012-12-01T00:00:00Z,2012.915301,1355634000,391.63,0.06,31,-89.98,-24.8,2821.28,2810,11.28,...
SPO,2013,1,1,0,0,0,2013-01-01T00:00:00Z,2013,1358312400,391.57,0.11,31,-89.98,-24.8,2821.28,2810,11.28,...
SPO,2013,2,1,0,0,0,2013-02-01T00:00:00Z,2013.084932,1360990800,391.54,0.11,25,-89.98,-24.8,2821.28,2810,11.28,...
SPO,2013,3,1,0,0,0,2013-03-01T00:00:00Z,2013.161644,1363410000,391.56,0.09,28,-89.98,-24.8,2821.28,2810,11.28,...
SPO,2013,4,1,0,0,0,2013-04-01T00:00:00Z,2013.246575,1366088400,392,0.16,30,-89.98,-24.8,2821.28,2810,11.28,...
SPO,2013,5,1,0,0,0,2013-05-01T00:00:00Z,2013.328767,1368680400,392.45,0.14,31,-89.98,-24.8,2821.28,2810,11.28,...
SPO,2013,6,1,0,0,0,2013-06-01T00:00:00Z,2013.413699,1371358800,392.86,0.18,30,-89.98,-24.8,2821.28,2810,11.28,...
SPO,2013,7,1,0,0,0,2013-07-01T00:00:00Z,2013.49589,1373950800,393.39,0.17,31,-89.98,-24.8,2821.28,2810,11.28,...
SPO,2013,8,1,0,0,0,2013-08-01T00:00:00Z,2013.580822,1376629200,393.93,0.12,31,-89.98,-24.8,2821.28,2810,11.28,...
SPO,2013,9,1,0,0,0,2013-09-01T00:00:00Z,2013.665753,1379307600,394.19,0.06,30,-89.98,-24.8,2821.28,2810,11.28,...
SPO,2013,10,1,0,0,0,2013-10-01T00:00:00Z,2013.747945,1381899600,394.21,0.03,31,-89.98,-24.8,2821.28,2810,11.28,...
SPO,2013,11,1,0,0,0,2013-11-01T00:00:00Z,2013.832877,1384578000,394.17,0.05,26,-89.98,-24.8,2821.28,2810,11.28,...
SPO,2013,12,1,0,0,0,2013-12-01T00:00:00Z,2013.915068,1387170000,394.13,0.1,29,-89.98,-24.8,2821.28,2810,11.28,...
SPO,2014,1,1,0,0,0,2014-01-01T00:00:00Z,2014,1389848400,394.09,0.1,31,-89.98,-24.8,2821.28,2810,11.28,...
SPO,2014,2,1,0,0,0,2014-02-01T00:00:00Z,2014.084932,1392526800,393.84,0.12,28,-89.98,-24.8,2821.28,2810,11.28,...
SPO,2014,3,1,0,0,0,2014-03-01T00:00:00Z,2014.161644,1394946000,393.89,0.09,31,-89.98,-24.8,2821.28,2810,11.28,...
SPO,2014,4,1,0,0,0,2014-04-01T00:00:00Z,2014.246575,1397624400,394.04,0.1,30,-89.98,-24.8,2821.28,2810,11.28,...
SPO,2014,5,1,0,0,0,2014-05-01T00:00:00Z,2014.328767,1400216400,394.42,0.15,31,-89.98,-24.8,2821.28,2810,11.28,...
SPO,2014,6,1,0,0,0,2014-06-01T00:00:00Z,2014.413699,1402894800,394.74,0.1,30,-89.98,-24.8,2821.28,2810,11.28,...
SPO,2014,7,1,0,0,0,2014-07-01T00:00:00Z,2014.49589,1405486800,395.22,0.17,31,-89.98,-24.8,2821.28,2810,11.28,...
SPO,2014,8,1,0,0,0,2014-08-01T00:00:00Z,2014.580822,1408165200,395.73,0.12,31,-89.98,-24.8,2821.28,2810,11.28,...
SPO,2014,9,1,0,0,0,2014-09-01T00:00:00Z,2014.665753,1410843600,396.08,0.09,30,-89.98,-24.8,2821.28,2810,11.28,...
SPO,2014,10,1,0,0,0,2014-10-01T00:00:00Z,2014.747945,1413435600,396.17,0.03,31,-89.98,-24.8,2821.28,2810,11.28,...
SPO,2014,11,1,0,0,0,2014-11-01T00:00:00Z,2014.832877,1416114000,396.13,0.03,30,-89.98,-24.8,2821.28,2810,11.28,...
SPO,2014,12,1,0,0,0,2014-12-01T00:00:00Z,2014.915068,1418706000,396.02,0.05,31,-89.98,-24.8,2821.28,2810,11.28,...
SPO,2015,1,1,0,0,0,2015-01-01T00:00:00Z,2015,1421384400,396.02,0.13,31,-89.98,-24.8,2821.28,2810,11.28,...
SPO,2015,2,1,0,0,0,2015-02-01T00:00:00Z,2015.084932,1424062800,396.02,0.13,28,-89.98,-24.8,2821.28,2810,11.28,...
SPO,2015,3,1,0,0,0,2015-03-01T00:00:00Z,2015.161644,1426482000,396.07,0.12,31,-89.98,-24.8,2821.28,2810,11.28,...
SPO,2015,4,1,0,0,0,2015-04-01T00:00:00Z,2015.246575,1429160400,396.39,0.13,30,-89.98,-24.8,2821.28,2810,11.28,...
SPO,2015,5,1,0,0,0,2015-05-01T00:00:00Z,2015.328767,1431752400,396.87,0.19,31,-89.98,-24.8,2821.28,2810,11.28,...
SPO,2015,6,1,0,0,0,2015-06-01T00:00:00Z,2015.413699,1434430800,397.27,0.09,30,-89.98,-24.8,2821.28,2810,11.28,...
SPO,2015,7,1,0,0,0,2015-07-01T00:00:00Z,2015.49589,1437022800,397.69,0.18,31,-89.98,-24.8,2821.28,2810,11.28,...
SPO,2015,8,1,0,0,0,2015-08-01T00:00:00Z,2015.580822,1439701200,398.25,0.21,31,-89.98,-24.8,2821.28,2810,11.28,...
SPO,2015,9,1,0,0,0,2015-09-01T00:00:00Z,2015.665753,1442379600,398.64,0.05,30,-89.98,-24.8,2821.28,2810,11.28,...
SPO,2015,10,1,0,0,0,2015-10-01T00:00:00Z,2015.747945,1444971600,398.6,0.07,31,-89.98,-24.8,2821.28,2810,11.28,...
SPO,2015,11,1,0,0,0,2015-11-01T00:00:00Z,2015.832877,1447650000,398.79,0.1,30,-89.98,-24.8,2821.28,2810,11.28,...
SPO,2015,12,1,0,0,0,2015-12-01T00:00:00Z,2015.915068,1450242000,398.81,0.06,31,-89.98,-24.8,2821.28,2810,11.28,...
SPO,2016,1,1,0,0,0,2016-01-01T00:00:00Z,2016,1452920400,398.87,0.11,23,-89.98,-24.8,2821.28,2810,11.28,...
SPO,2016,2,1,0,0,0,2016-02-01T00:00:00Z,2016.084699,1455598800,398.74,0.18,29,-89.98,-24.8,2821.28,2810,11.28,...
SPO,2016,3,1,0,0,0,2016-03-01T00:00:00Z,2016.163934,1458104400,399.2,0.19,31,-89.98,-24.8,2821.28,2810,11.28,...
SPO,2016,4,1,0,0,0,2016-04-01T00:00:00Z,2016.248634,1460782800,399.53,0.27,30,-89.98,-24.8,2821.28,2810,11.28,...
SPO,2016,5,1,0,0,0,2016-05-01T00:00:00Z,2016.330601,1463374800,400.15,0.16,31,-89.98,-24.8,2821.28,2810,11.28,...
SPO,2016,6,1,0,0,0,2016-06-01T00:00:00Z,2016.415301,1466053200,400.71,0.12,29,-89.98,-24.8,2821.28,2810,11.28,...
SPO,2016,7,1,0,0,0,2016-07-01T00:00:00Z,2016.497268,1468645200,401.27,0.21,31,-89.98,-24.8,2821.28,2810,11.28,...
SPO,2016,8,1,0,0,0,2016-08-01T00:00:00Z,2016.581967,1471323600,401.68,0.08,31,-89.98,-24.8,2821.28,2810,11.28,...
SPO,2016,9,1,0,0,0,2016-09-01T00:00:00Z,2016.666667,1474002000,401.85,0.07,30,-89.98,-24.8,2821.28,2810,11.28,...
SPO,2016,10,1,0,0,0,2016-10-01T00:00:00Z,2016.748634,1476594000,401.92,0.09,31,-89.98,-24.8,2821.28,2810,11.28,...
SPO,2016,11,1,0,0,0,2016-11-01T00:00:00Z,2016.833333,1479272400,401.7,0.07,30,-89.98,-24.8,2821.28,2810,11.28,...
SPO,2016,12,1,0,0,0,2016-12-01T00:00:00Z,2016.915301,1481864400,401.57,0.08,31,-89.98,-24.8,2821.28,2810,11.28,...
SPO,2017,1,1,0,0,0,2017-01-01T00:00:00Z,2017,1484542800,401.44,0.08,31,-89.98,-24.8,2821.28,2810,11.28,...
SPO,2017,2,1,0,0,0,2017-02-01T00:00:00Z,2017.084932,1487221200,401.32,0.13,28,-89.98,-24.8,2821.28,2810,11.28,...
SPO,2017,3,1,0,0,0,2017-03-01T00:00:00Z,2017.161644,1489640400,401.27,0.12,31,-89.98,-24.8,2821.28,2810,11.28,...
SPO,2017,4,1,0,0,0,2017-04-01T00:00:00Z,2017.246575,1492318800,401.4,0.1,30,-89.98,-24.8,2821.28,2810,11.28,...
SPO,2017,5,1,0,0,0,2017-05-01T00:00:00Z,2017.328767,1494910800,401.85,0.17,31,-89.98,-24.8,2821.28,2810,11.28,...
SPO,2017,6,1,0,0,0,2017-06-01T00:00:00Z,2017.413699,1497589200,402.25,0.07,30,-89.98,-24.8,2821.28,2810,11.28,...
SPO,2017,7,1,0,0,0,2017-07-01T00:00:00Z,2017.49589,1500181200,402.82,0.29,31,-89.98,-24.8,2821.28,2810,11.28,...
SPO,2017,8,1,0,0,0,2017-08-01T00:00:00Z,2017.580822,1502859600,403.41,0.11,31,-89.98,-24.8,2821.28,2810,11.28,...
SPO,2017,9,1,0,0,0,2017-09-01T00:00:00Z,2017.665753,1505538000,403.74,0.08,30,-89.98,-24.8,2821.28,2810,11.28,...
SPO,2017,10,1,0,0,0,2017-10-01T00:00:00Z,2017.747945,1508130000,403.9,0.05,31,-89.98,-24.8,2821.28,2810,11.28,...
SPO,2017,11,1,0,0,0,2017-11-01T00:00:00Z,2017.832877,1510808400,403.87,0.03,30,-89.98,-24.8,2821.28,2810,11.28,...
SPO,2017,12,1,0,0,0,2017-12-01T00:00:00Z,2017.915068,1513400400,403.88,0.1,31,-89.98,-24.8,2821.28,2810,11.28,...
SPO,2018,1,1,0,0,0,2018-01-01T00:00:00Z,2018,1516078800,404.03,0.13,31,-89.98,-24.8,2821.28,2810,11.28,...
SPO,2018,2,1,0,0,0,2018-02-01T00:00:00Z,2018.084932,1518757200,403.97,0.13,28,-89.98,-24.8,2821.28,2810,11.28,...
SPO,2018,3,1,0,0,0,2018-03-01T00:00:00Z,2018.161644,1521176400,404,0.12,31,-89.98,-24.8,2821.28,2810,11.28,...
SPO,2018,4,1,0,0,0,2018-04-01T00:00:00Z,2018.246575,1523854800,404.34,0.1,30,-89.98,-24.8,2821.28,2810,11.28,...
SPO,2018,5,1,0,0,0,2018-05-01T00:00:00Z,2018.328767,1526446800,404.67,0.13,31,-89.98,-24.8,2821.28,2810,11.28,...
SPO,2018,6,1,0,0,0,2018-06-01T00:00:00Z,2018.413699,1529125200,404.94,0.08,24,-89.98,-24.8,2821.28,2810,11.28,...
SPO,2018,7,1,0,0,0,2018-07-01T00:00:00Z,2018.49589,1531717200,405.4,0.16,26,-89.98,-24.8,2821.28,2810,11.28,...
SPO,2018,8,1,0,0,0,2018-08-01T00:00:00Z,2018.580822,1534395600,405.9,0.1,31,-89.98,-24.8,2821.28,2810,11.28,...
SPO,2018,9,1,0,0,0,2018-09-01T00:00:00Z,2018.665753,1537074000,406.26,0.1,30,-89.98,-24.8,2821.28,2810,11.28,...
SPO,2018,10,1,0,0,0,2018-10-01T00:00:00Z,2018.747945,1539666000,406.38,0.05,31,-89.98,-24.8,2821.28,2810,11.28,...
SPO,2018,11,1,0,0,0,2018-11-01T00:00:00Z,2018.832877,1542344400,406.37,0.04,30,-89.98,-24.8,2821.28,2810,11.28,...
SPO,2018,12,1,0,0,0,2018-12-01T00:00:00Z,2018.915068,1544936400,406.36,0.07,31,-89.98,-24.8,2821.28,2810,11.28,...
SPO,2019,1,1,0,0,0,2019-01-01T00:00:00Z,2019,1547614800,406.04,0.17,31,-89.98,-24.8,2821.28,2810,11.28,...
SPO,2019,2,1,0,0,0,2019-02-01T00:00:00Z,2019.084932,1550293200,406.02,0.18,28,-89.98,-24.8,2821.28,2810,11.28,...
SPO,2019,3,1,0,0,0,2019-03-01T00:00:00Z,2019.161644,1552712400,406.1,0.16,31,-89.98,-24.8,2821.28,2810,11.28,...
SPO,2019,4,1,0,0,0,2019-04-01T00:00:00Z,2019.246575,1555390800,406.34,0.2,30,-89.98,-24.8,2821.28,2810,11.28,...
SPO,2019,5,1,0,0,0,2019-05-01T00:00:00Z,2019.328767,1557982800,406.86,0.15,31,-89.98,-24.8,2821.28,2810,11.28,...
SPO,2019,6,1,0,0,0,2019-06-01T00:00:00Z,2019.413699,1560661200,407.36,0.18,30,-89.98,-24.8,2821.28,2810,11.28,...
SPO,2019,7,1,0,0,0,2019-07-01T00:00:00Z,2019.49589,1563253200,408.06,0.23,31,-89.98,-24.8,2821.28,2810,11.28,...
SPO,2019,8,1,0,0,0,2019-08-01T00:00:00Z,2019.580822,1565931600,408.61,0.15,31,-89.98,-24.8,2821.28,2810,11.28,...
SPO,2019,9,1,0,0,0,2019-09-01T00:00:00Z,2019.665753,1568610000,408.93,0.06,30,-89.98,-24.8,2821.28,2810,11.28,...
SPO,2019,10,1,0,0,0,2019-10-01T00:00:00Z,2019.747945,1571202000,409.08,0.05,31,-89.98,-24.8,2821.28,2810,11.28,...
SPO,2019,11,1,0,0,0,2019-11-01T00:00:00Z,2019.832877,1573880400,409.12,0.04,30,-89.98,-24.8,2821.28,2810,11.28,...
SPO,2019,12,1,0,0,0,2019-12-01T00:00:00Z,2019.915068,1576472400,409.06,0.19,31,-89.98,-24.8,2821.28,2810,11.28,...
SPO,2020,1,1,0,0,0,2020-01-01T00:00:00Z,2020,1579150800,408.85,0.11,31,-89.98,-24.8,2821.28,2810,11.28,...
SPO,2020,2,1,0,0,0,2020-02-01T00:00:00Z,2020.084699,1581829200,408.57,0.21,29,-89.98,-24.8,2821.28,2810,11.28,...
SPO,2020,3,1,0,0,0,2020-03-01T00:00:00Z,2020.163934,1584334800,408.56,0.18,31,-89.98,-24.8,2821.28,2810,11.28,...
SPO,2020,4,1,0,0,0,2020-04-01T00:00:00Z,2020.248634,1587013200,408.99,0.22,30,-89.98,-24.8,2821.28,2810,11.28,...
SPO,2020,5,1,0,0,0,2020-05-01T00:00:00Z,2020.330601,1589605200,409.36,0.07,31,-89.98,-24.8,2821.28,2810,11.28,...
SPO,2020,6,1,0,0,0,2020-06-01T00:00:00Z,2020.415301,1592283600,409.72,0.16,30,-89.98,-24.8,2821.28,2810,11.28,...
SPO,2020,7,1,0,0,0,2020-07-01T00:00:00Z,2020.497268,1594875600,410.25,0.15,31,-89.98,-24.8,2821.28,2810,11.28,...
SPO,2020,8,1,0,0,0,2020-08-01T00:00:00Z,2020.581967,1597554000,410.7,0.15,31,-89.98,-24.8,2821.28,2810,11.28,...
SPO,2020,9,1,0,0,0,2020-09-01T00:00:00Z,2020.666667,1600232400,411.05,0.06,30,-89.98,-24.8,2821.28,2810,11.28,...
SPO,2020,10,1,0,0,0,2020-10-01T00:00:00Z,2020.748634,1602824400,411.17,0.04,31,-89.98,-24.8,2821.28,2810,11.28,...
SPO,2020,11,1,0,0,0,2020-11-01T00:00:00Z,2020.833333,1605502800,411.33,0.12,30,-89.98,-24.8,2821.28,2810,11.28,...
SPO,2020,12,1,0,0,0,2020-12-01T00:00:00Z,2020.915301,1608094800,411.34,0.06,31,-89.98,-24.8,2821.28,2810,11.28,...
SPO,2021,1,1,0,0,0,2021-01-01T00:00:00Z,2021,1610773200,411.15,0.12,30,-89.98,-24.8,2821.28,2810,11.28,...
SPO,2021,2,1,0,0,0,2021-02-01T00:00:00Z,2021.084932,1613451600,410.95,0.14,28,-89.98,-24.8,2821.28,2810,11.28,...
SPO,2021,3,1,0,0,0,2021-03-01T00:00:00Z,2021.161644,1615870800,410.71,0.26,31,-89.98,-24.8,2821.28,2810,11.28,...
SPO,2021,4,1,0,0,0,2021-04-01T00:00:00Z,2021.246575,1618549200,410.99,0.12,30,-89.98,-24.8,2821.28,2810,11.28,...
SPO,2021,5,1,0,0,0,2021-05-01T00:00:00Z,2021.328767,1621141200,411.42,0.13,31,-89.98,-24.8,2821.28,2810,11.28,...
SPO,2021,6,1,0,0,0,2021-06-01T00:00:00Z,2021.413699,1623819600,411.68,0.08,27,-89.98,-24.8,2821.28,2810,11.28,...
SPO,2021,7,1,0,0,0,2021-07-01T00:00:00Z,2021.49589,1626411600,412.17,0.15,29,-89.98,-24.8,2821.28,2810,11.28,...
SPO,2021,8,1,0,0,0,2021-08-01T00:00:00Z,2021.580822,1629090000,412.72,0.15,31,-89.98,-24.8,2821.28,2810,11.28,...
SPO,2021,9,1,0,0,0,2021-09-01T00:00:00Z,2021.665753,1631768400,413.13,0.09,30,-89.98,-24.8,2821.28,2810,11.28,...
SPO,2021,10,1,0,0,0,2021-10-01T00:00:00Z,2021.747945,1634360400,413.43,0.07,31,-89.98,-24.8,2821.28,2810,11.28,...
SPO,2021,11,1,0,0,0,2021-11-01T00:00:00Z,2021.832877,1637038800,413.4,0.06,29,-89.98,-24.8,2821.28,2810,11.28,...
SPO,2021,12,1,0,0,0,2021-12-01T00:00:00Z,2021.915068,1639630800,413.12,0.2,31,-89.98,-24.8,2821.28,2810,11.28,...
SPO,2022,1,1,0,0,0,2022-01-01T00:00:00Z,2022,1642309200,413.16,0.19,31,-89.98,-24.8,2821.28,2810,11.28,...
SPO,2022,2,1,0,0,0,2022-02-01T00:00:00Z,2022.084932,1644987600,413.34,0.15,28,-89.98,-24.8,2821.28,2810,11.28,...
SPO,2022,3,1,0,0,0,2022-03-01T00:00:00Z,2022.161644,1647406800,413.14,0.17,31,-89.98,-24.8,2821.28,2810,11.28,...
SPO,2022,4,1,0,0,0,2022-04-01T00:00:00Z,2022.246575,1650085200,413.41,0.11,30,-89.98,-24.8,2821.28,2810,11.28,...
SPO,2022,5,1,0,0,0,2022-05-01T00:00:00Z,2022.328767,1652677200,413.74,0.14,31,-89.98,-24.8,2821.28,2810,11.28,...
SPO,2022,6,1,0,0,0,2022-06-01T00:00:00Z,2022.413699,1655355600,414.21,0.15,30,-89.98,-24.8,2821.28,2810,11.28,...
SPO,2022,7,1,0,0,0,2022-07-01T00:00:00Z,2022.49589,1657947600,414.63,0.19,31,-89.98,-24.8,2821.28,2810,11.28,...
SPO,2022,8,1,0,0,0,2022-08-01T00:00:00Z,2022.580822,1660626000,415.21,0.16,31,-89.98,-24.8,2821.28,2810,11.28,...
SPO,2022,9,1,0,0,0,2022-09-01T00:00:00Z,2022.665753,1663304400,415.59,0.08,30,-89.98,-24.8,2821.28,2810,11.28,...
SPO,2022,10,1,0,0,0,2022-10-01T00:00:00Z,2022.747945,1665896400,415.62,0.07,31,-89.98,-24.8,2821.28,2810,11.28,...
SPO,2022,11,1,0,0,0,2022-11-01T00:00:00Z,2022.832877,1668574800,415.53,0.04,30,-89.98,-24.8,2821.28,2810,11.28,...
SPO,2022,12,1,0,0,0,2022-12-01T00:00:00Z,2022.915068,1671166800,415.46,0.08,31,-89.98,-24.8,2821.28,2810,11.28,...
